,DATE,state_avg_snow
0,1/1/2015,0.000386039
1,1/2/2015,0.175324388
2,1/3/2015,1.424500676
3,1/4/2015,1.132926239
4,1/5/2015,2.866150292
5,1/6/2015,1.931691209
6,1/7/2015,0.617342223
7,1/8/2015,0.222930978
8,1/9/2015,0.201164896
9,1/10/2015,0.098436411
10,1/11/2015,0.819626203
11,1/12/2015,0.222645704
12,1/13/2015,0.020899987
13,1/14/2015,4.19E-05
14,1/15/2015,0.024817368
15,1/16/2015,0.107361958
16,1/17/2015,0.03156989
17,1/18/2015,0.291721763
18,1/19/2015,0.056715773
19,1/20/2015,0.125574114
20,1/21/2015,0.145112074
21,1/22/2015,0.000425339
22,1/23/2015,0.014069296
23,1/24/2015,0.000695872
24,1/25/2015,0.015169142
25,1/26/2015,0
26,1/27/2015,0.010893827
27,1/28/2015,0.003651177
28,1/29/2015,0.005434534
29,1/30/2015,0.017642443
30,1/31/2015,0.486438147
31,2/1/2015,0.770555352
32,2/2/2015,0.41706033
33,2/3/2015,0.66700874
34,2/4/2015,0.38260993
35,2/5/2015,0.023096874
36,2/6/2015,0.000117024
37,2/7/2015,3.79E-05
38,2/8/2015,0.003605938
39,2/9/2015,0.01563271
40,2/10/2015,0.020272351
41,2/11/2015,0.032868599
42,2/12/2015,0.001306085
43,2/13/2015,8.39E-05
44,2/14/2015,0.015347748
45,2/15/2015,0.232364272
46,2/16/2015,0.635343852
47,2/17/2015,0.523946531
48,2/18/2015,0.013596195
49,2/19/2015,0.031050427
50,2/20/2015,0.20855762
51,2/21/2015,0.854236379
52,2/22/2015,0.170913451
53,2/23/2015,0.03442895
54,2/24/2015,0.060182456
55,2/25/2015,0.705739634
56,2/26/2015,0.450689395
57,2/27/2015,0.019563676
58,2/28/2015,0.05252459
59,3/1/2015,0.061516224
60,3/2/2015,0.233606128
61,3/3/2015,0.581498788
62,3/4/2015,0.005610579
63,3/5/2015,1.47E-05
64,3/6/2015,0
65,3/7/2015,0
66,3/8/2015,9.86E-05
67,3/9/2015,0
68,3/10/2015,0
69,3/11/2015,0
70,3/12/2015,0.000116897
71,3/13/2015,0
72,3/14/2015,3.07E-05
73,3/15/2015,0.002199318
74,3/16/2015,0.140290001
75,3/17/2015,0.167594576
76,3/18/2015,0.476629084
77,3/19/2015,0.031559316
78,3/20/2015,0.000604665
79,3/21/2015,0.002048508
80,3/22/2015,0.007380438
81,3/23/2015,0.000284715
82,3/24/2015,0.220060995
83,3/25/2015,0.265414023
84,3/26/2015,0.049630151
85,3/27/2015,0
86,3/28/2015,0.00758614
87,3/29/2015,0.019495097
88,3/30/2015,0
89,3/31/2015,0
90,4/1/2015,0.098573033
91,4/2/2015,0.10112903
92,4/3/2015,0.030554329
93,4/4/2015,0.008154927
94,4/5/2015,0.181085438
95,4/6/2015,0.642612433
96,4/7/2015,0.624628953
97,4/8/2015,0.051477588
98,4/9/2015,0.112464536
99,4/10/2015,0.006511329
100,4/11/2015,0.001622572
101,4/12/2015,0.147399268
102,4/13/2015,0.003085525
103,4/14/2015,0.149201488
104,4/15/2015,0.680344604
105,4/16/2015,0.094945251
106,4/17/2015,0.000654685
107,4/18/2015,0.018777657
108,4/19/2015,0.002815293
109,4/20/2015,0
110,4/21/2015,0
111,4/22/2015,0
112,4/23/2015,0
113,4/24/2015,0.015297977
114,4/25/2015,0.184644829
115,4/26/2015,0.213759584
116,4/27/2015,0.057418028
117,4/28/2015,0
118,4/29/2015,0
119,4/30/2015,0.005084979
120,5/1/2015,0
121,5/2/2015,0
122,5/3/2015,0
123,5/4/2015,0
124,5/5/2015,0
125,5/6/2015,0
126,5/7/2015,0.025753004
127,5/8/2015,0.044886132
128,5/9/2015,0.031126372
129,5/10/2015,0.002121048
130,5/11/2015,0.004196173
131,5/12/2015,0.000485404
132,5/13/2015,4.74E-05
133,5/14/2015,0
134,5/15/2015,0
135,5/16/2015,0.009089347
136,5/17/2015,0.007666385
137,5/18/2015,0.002097632
138,5/19/2015,2.08E-05
139,5/20/2015,0.003562582
140,5/21/2015,0
141,5/22/2015,0
142,5/23/2015,0
143,5/24/2015,0
144,5/25/2015,0
145,5/26/2015,0
146,5/27/2015,0
147,5/28/2015,0
148,5/29/2015,0
149,5/30/2015,4.68E-05
150,5/31/2015,0
151,6/1/2015,0
152,6/2/2015,0
153,6/3/2015,0
154,6/4/2015,0
155,6/5/2015,0
156,6/6/2015,0
157,6/7/2015,0
158,6/8/2015,0
159,6/9/2015,0
160,6/10/2015,0
161,6/11/2015,0
162,6/12/2015,0
163,6/13/2015,0
164,6/14/2015,0
165,6/15/2015,0
166,6/16/2015,0
167,6/17/2015,0
168,6/18/2015,0
169,6/19/2015,2.29E-05
170,6/20/2015,0
171,6/21/2015,0
172,6/22/2015,0
173,6/23/2015,0
174,6/24/2015,0
175,6/25/2015,0
176,6/26/2015,0
177,6/27/2015,0
178,6/28/2015,0
179,6/29/2015,0
180,6/30/2015,0
181,7/1/2015,0
182,7/2/2015,0
183,7/3/2015,0
184,7/4/2015,0.000101522
185,7/5/2015,0
186,7/6/2015,0
187,7/7/2015,0
188,7/8/2015,0
189,7/9/2015,0
190,7/10/2015,0
191,7/11/2015,0
192,7/12/2015,0
193,7/13/2015,1.26E-05
194,7/14/2015,0
195,7/15/2015,0
196,7/16/2015,0
197,7/17/2015,0
198,7/18/2015,0
199,7/19/2015,0
200,7/20/2015,0
201,7/21/2015,3.43E-05
202,7/22/2015,0
203,7/23/2015,0
204,7/24/2015,0
205,7/25/2015,0
206,7/26/2015,0
207,7/27/2015,1.54E-05
208,7/28/2015,0
209,7/29/2015,0
210,7/30/2015,0
211,7/31/2015,0
212,8/1/2015,0
213,8/2/2015,0
214,8/3/2015,0
215,8/4/2015,0
216,8/5/2015,0
217,8/6/2015,0
218,8/7/2015,0
219,8/8/2015,0
220,8/9/2015,0
221,8/10/2015,0
222,8/11/2015,0
223,8/12/2015,0
224,8/13/2015,0
225,8/14/2015,0
226,8/15/2015,0
227,8/16/2015,0
228,8/17/2015,0
229,8/18/2015,0
230,8/19/2015,0
231,8/20/2015,0
232,8/21/2015,0
233,8/22/2015,0
234,8/23/2015,8.42E-05
235,8/24/2015,0
236,8/25/2015,0
237,8/26/2015,0
238,8/27/2015,0
239,8/28/2015,0
240,8/29/2015,0
241,8/30/2015,0
242,8/31/2015,0
243,9/1/2015,0
244,9/2/2015,0
245,9/3/2015,0
246,9/4/2015,0
247,9/5/2015,0
248,9/6/2015,0
249,9/7/2015,0
250,9/8/2015,0
251,9/9/2015,0
252,9/10/2015,0
253,9/11/2015,0
254,9/12/2015,0
255,9/13/2015,0
256,9/14/2015,0
257,9/15/2015,0
258,9/16/2015,0
259,9/17/2015,0
260,9/18/2015,0
261,9/19/2015,0
262,9/20/2015,0
263,9/21/2015,0
264,9/22/2015,0
265,9/23/2015,0
266,9/24/2015,0
267,9/25/2015,0
268,9/26/2015,0
269,9/27/2015,0
270,9/28/2015,0
271,9/29/2015,0
272,9/30/2015,0
273,10/1/2015,0
274,10/2/2015,0
275,10/3/2015,0.052582497
276,10/4/2015,0.062753669
277,10/5/2015,0.000160955
278,10/6/2015,0
279,10/7/2015,0
280,10/8/2015,0
281,10/9/2015,0
282,10/10/2015,0
283,10/11/2015,0
284,10/12/2015,0
285,10/13/2015,0
286,10/14/2015,0
287,10/15/2015,0
288,10/16/2015,0
289,10/17/2015,0
290,10/18/2015,0
291,10/19/2015,0
292,10/20/2015,0
293,10/21/2015,0
294,10/22/2015,0
295,10/23/2015,0
296,10/24/2015,0
297,10/25/2015,0
298,10/26/2015,0
299,10/27/2015,0.005976809
300,10/28/2015,0.005056368
301,10/29/2015,0
302,10/30/2015,0
303,10/31/2015,0
304,11/1/2015,3.68E-05
305,11/2/2015,0.028604456
306,11/3/2015,0.671645493
307,11/4/2015,0.821274342
308,11/5/2015,0.056822238
309,11/6/2015,0.196249623
310,11/7/2015,0.072979302
311,11/8/2015,0
312,11/9/2015,0.071598904
313,11/10/2015,0.640295419
314,11/11/2015,0.095088123
315,11/12/2015,0.071315626
316,11/13/2015,0.006773175
317,11/14/2015,0.003043435
318,11/15/2015,0.028103659
319,11/16/2015,0.133493234
320,11/17/2015,0.088384328
321,11/18/2015,0.408735588
322,11/19/2015,0.145356155
323,11/20/2015,0.633208338
324,11/21/2015,0.187158681
325,11/22/2015,5.04E-05
326,11/23/2015,0.000226937
327,11/24/2015,0.507726243
328,11/25/2015,1.772924354
329,11/26/2015,0.24643706
330,11/27/2015,0.010903931
331,11/28/2015,0.007060564
332,11/29/2015,0.028231828
333,11/30/2015,0.039754081
334,12/1/2015,0.00175441
335,12/2/2015,0.004982515
336,12/3/2015,0.025664453
337,12/4/2015,0.001554809
338,12/5/2015,0.058880443
339,12/6/2015,0.001844161
340,12/7/2015,0.033629597
341,12/8/2015,0.104137757
342,12/9/2015,0.021600886
343,12/10/2015,0.366998881
344,12/11/2015,0.892913692
345,12/12/2015,0.103298092
346,12/13/2015,0.248315396
347,12/14/2015,1.608006518
348,12/15/2015,2.377654034
349,12/16/2015,0.584033037
350,12/17/2015,0.829138043
351,12/18/2015,0.425051454
352,12/19/2015,0.400336371
353,12/20/2015,0.730153218
354,12/21/2015,0.342190885
355,12/22/2015,1.115835333
356,12/23/2015,0.591488967
357,12/24/2015,0.40258943
358,12/25/2015,0.510546715
359,12/26/2015,0.480857305
360,12/27/2015,0.007870962
361,12/28/2015,0.132654244
362,12/29/2015,0.72102101
363,12/30/2015,0.599065567
364,12/31/2015,0.242043677
365,1/1/2016,0.010237636
366,1/2/2016,0.001738074
367,1/3/2016,0.002101907
368,1/4/2016,0.045117337
369,1/5/2016,0.021971041
370,1/6/2016,0.04735885
371,1/7/2016,0.521810184
372,1/8/2016,0.947944019
373,1/9/2016,0.126381537
374,1/10/2016,0.010700794
375,1/11/2016,0.035730584
376,1/12/2016,0.076037365
377,1/13/2016,0.055757744
378,1/14/2016,0.477771415
379,1/15/2016,0.711909531
380,1/16/2016,0.480689593
381,1/17/2016,1.209254688
382,1/18/2016,0.21568669
383,1/19/2016,0.209772281
384,1/20/2016,0.335565855
385,1/21/2016,0.247403763
386,1/22/2016,0.020835258
387,1/23/2016,0.06934078
388,1/24/2016,0.280511847
389,1/25/2016,0.282178362
390,1/26/2016,0.020066377
391,1/27/2016,0.000184284
392,1/28/2016,9.37E-05
393,1/29/2016,0.111285678
394,1/30/2016,0.312994438
395,1/31/2016,0.222085711
396,2/1/2016,0.307398036
397,2/2/2016,0.306714497
398,2/3/2016,0.137228075
399,2/4/2016,0.172994345
400,2/5/2016,0.107751244
401,2/6/2016,0.018528917
402,2/7/2016,0.012728899
403,2/8/2016,0.000103737
404,2/9/2016,1.63E-05
405,2/10/2016,3.25E-05
406,2/11/2016,0.14113154
407,2/12/2016,0.056177727
408,2/13/2016,0.109644984
409,2/14/2016,0.106588984
410,2/15/2016,0.034188378
411,2/16/2016,0.056504414
412,2/17/2016,0.016820029
413,2/18/2016,0.004945673
414,2/19/2016,0.042091493
415,2/20/2016,0.049227341
416,2/21/2016,0.034472472
417,2/22/2016,0.005476286
418,2/23/2016,0.000347199
419,2/24/2016,0.000525826
420,2/25/2016,7.58E-05
421,2/26/2016,0
422,2/27/2016,3.32E-05
423,2/28/2016,0.027169845
424,2/29/2016,0.198942737
425,3/1/2016,0.045671984
426,3/2/2016,0.173157938
427,3/3/2016,0.043476403
428,3/4/2016,0.000928077
429,3/5/2016,0
430,3/6/2016,4.55E-05
431,3/7/2016,0.055317066
432,3/8/2016,0.047509144
433,3/9/2016,0.080405986
434,3/10/2016,0.039372843
435,3/11/2016,0.023330607
436,3/12/2016,0.02054655
437,3/13/2016,0.073675616
438,3/14/2016,0.244212051
439,3/15/2016,0.173959915
440,3/16/2016,0.075003127
441,3/17/2016,0.361287789
442,3/18/2016,0.2094744
443,3/19/2016,0.0357154
444,3/20/2016,7.53E-05
445,3/21/2016,0.00270994
446,3/22/2016,0.139059183
447,3/23/2016,0.430748809
448,3/24/2016,0.047907416
449,3/25/2016,0.347054987
450,3/26/2016,0.204401059
451,3/27/2016,0.010860523
452,3/28/2016,0.252682274
453,3/29/2016,0.134319003
454,3/30/2016,0.136972503
455,3/31/2016,0.200613503
456,4/1/2016,0.055640308
457,4/2/2016,0
458,4/3/2016,0
459,4/4/2016,4.93E-05
460,4/5/2016,0.226666194
461,4/6/2016,0.086694951
462,4/7/2016,0
463,4/8/2016,0
464,4/9/2016,0
465,4/10/2016,0.000140266
466,4/11/2016,1.76E-05
467,4/12/2016,0
468,4/13/2016,0.026520666
469,4/14/2016,0.051239127
470,4/15/2016,0.786808748
471,4/16/2016,0.226627444
472,4/17/2016,0.000659372
473,4/18/2016,0.066280158
474,4/19/2016,0.062332758
475,4/20/2016,0
476,4/21/2016,0
477,4/22/2016,0
478,4/23/2016,0.010406133
479,4/24/2016,0.045788617
480,4/25/2016,0.540821597
481,4/26/2016,0.095391776
482,4/27/2016,0.110211652
483,4/28/2016,0.321975789
484,4/29/2016,0.022916587
485,4/30/2016,0.028750326
486,5/1/2016,0
487,5/2/2016,0
488,5/3/2016,0
489,5/4/2016,0
490,5/5/2016,0
491,5/6/2016,0
492,5/7/2016,0
493,5/8/2016,6.05E-05
494,5/9/2016,0.145172971
495,5/10/2016,0.561699056
496,5/11/2016,0.313429061
497,5/12/2016,0.000110965
498,5/13/2016,0.206016161
499,5/14/2016,0
500,5/15/2016,0.009009505
501,5/16/2016,0.03569271
502,5/17/2016,0
503,5/18/2016,0
504,5/19/2016,0
505,5/20/2016,0.036347956
506,5/21/2016,0.002813146
507,5/22/2016,6.16E-05
508,5/23/2016,0.000191696
509,5/24/2016,0
510,5/25/2016,0
511,5/26/2016,0
512,5/27/2016,0
513,5/28/2016,0
514,5/29/2016,0
515,5/30/2016,0
516,5/31/2016,0
517,6/1/2016,0
518,6/2/2016,0
519,6/3/2016,0
520,6/4/2016,0
521,6/5/2016,0
522,6/6/2016,0
523,6/7/2016,0
524,6/8/2016,0
525,6/9/2016,0
526,6/10/2016,0
527,6/11/2016,0
528,6/12/2016,6.42E-05
529,6/13/2016,1.22E-05
530,6/14/2016,2.04E-05
531,6/15/2016,9.77E-05
532,6/16/2016,5.17E-05
533,6/17/2016,0
534,6/18/2016,0
535,6/19/2016,0
536,6/20/2016,0
537,6/21/2016,0
538,6/22/2016,0
539,6/23/2016,0
540,6/24/2016,0.000232185
541,6/25/2016,0
542,6/26/2016,0
543,6/27/2016,0
544,6/28/2016,0
545,6/29/2016,0
546,6/30/2016,0
547,7/1/2016,0
548,7/2/2016,3.14E-05
549,7/3/2016,0
550,7/4/2016,0
551,7/5/2016,0
552,7/6/2016,0
553,7/7/2016,0
554,7/8/2016,0
555,7/9/2016,0
556,7/10/2016,0
557,7/11/2016,0
558,7/12/2016,0
559,7/13/2016,3.09E-05
560,7/14/2016,0
561,7/15/2016,0
562,7/16/2016,0
563,7/17/2016,0
564,7/18/2016,0
565,7/19/2016,0
566,7/20/2016,0
567,7/21/2016,0
568,7/22/2016,0
569,7/23/2016,0.000144839
570,7/24/2016,0
571,7/25/2016,0
572,7/26/2016,0
573,7/27/2016,0
574,7/28/2016,2.01E-05
575,7/29/2016,0
576,7/30/2016,0
577,7/31/2016,0
578,8/1/2016,3.00E-05
579,8/2/2016,0
580,8/3/2016,0
581,8/4/2016,0
582,8/5/2016,0
583,8/6/2016,0
584,8/7/2016,0
585,8/8/2016,0
586,8/9/2016,6.18E-05
587,8/10/2016,0
588,8/11/2016,0
589,8/12/2016,0
590,8/13/2016,0
591,8/14/2016,0
592,8/15/2016,0
593,8/16/2016,0
594,8/17/2016,0
595,8/18/2016,0
596,8/19/2016,0
597,8/20/2016,0
598,8/21/2016,0
599,8/22/2016,0
600,8/23/2016,0
601,8/24/2016,0
602,8/25/2016,0
603,8/26/2016,0
604,8/27/2016,0
605,8/28/2016,0
606,8/29/2016,0
607,8/30/2016,0
608,8/31/2016,0
609,9/1/2016,0
610,9/2/2016,0
611,9/3/2016,0
612,9/4/2016,0
613,9/5/2016,0.006409457
614,9/6/2016,2.26E-05
615,9/7/2016,0
616,9/8/2016,0
617,9/9/2016,0
618,9/10/2016,0
619,9/11/2016,0
620,9/12/2016,0.042878276
621,9/13/2016,0.019673215
622,9/14/2016,0
623,9/15/2016,0
624,9/16/2016,0
625,9/17/2016,0
626,9/18/2016,0
627,9/19/2016,4.50E-05
628,9/20/2016,0
629,9/21/2016,0
630,9/22/2016,0
631,9/23/2016,0
632,9/24/2016,0
633,9/25/2016,0
634,9/26/2016,0
635,9/27/2016,0
636,9/28/2016,0
637,9/29/2016,0
638,9/30/2016,0
639,10/1/2016,0
640,10/2/2016,0
641,10/3/2016,0.03682503
642,10/4/2016,0.116119692
643,10/5/2016,0.163018388
644,10/6/2016,0.016673047
645,10/7/2016,0.008068603
646,10/8/2016,0.034068727
647,10/9/2016,0.09399189
648,10/10/2016,0.830854267
649,10/11/2016,1.317567612
650,10/12/2016,0.184886651
651,10/13/2016,0
652,10/14/2016,0
653,10/15/2016,0
654,10/16/2016,0.012696252
655,10/17/2016,0.019095033
656,10/18/2016,0.000138629
657,10/19/2016,0.010797925
658,10/20/2016,8.18E-05
659,10/21/2016,0
660,10/22/2016,0
661,10/23/2016,0
662,10/24/2016,0
663,10/25/2016,0
664,10/26/2016,0
665,10/27/2016,0
666,10/28/2016,0
667,10/29/2016,0.004967818
668,10/30/2016,0
669,10/31/2016,0
670,11/1/2016,0
671,11/2/2016,0
672,11/3/2016,0
673,11/4/2016,0
674,11/5/2016,0
675,11/6/2016,0.004324128
676,11/7/2016,0
677,11/8/2016,0
678,11/9/2016,3.59E-05
679,11/10/2016,0
680,11/11/2016,0
681,11/12/2016,0
682,11/13/2016,0
683,11/14/2016,0.002727167
684,11/15/2016,0.010986773
685,11/16/2016,0.099187059
686,11/17/2016,0.660837675
687,11/18/2016,0.134359477
688,11/19/2016,0.004622866
689,11/20/2016,0.004491388
690,11/21/2016,0.000116085
691,11/22/2016,0.001685818
692,11/23/2016,0.004177036
693,11/24/2016,0.058985735
694,11/25/2016,0.014545488
695,11/26/2016,0.000134515
696,11/27/2016,0.012502497
697,11/28/2016,0.133201532
698,11/29/2016,0.595050102
699,11/30/2016,0.143712699
700,12/1/2016,0.276177907
701,12/2/2016,0.23720008
702,12/3/2016,0.163790738
703,12/4/2016,0.309922214
704,12/5/2016,1.064759043
705,12/6/2016,0.126093177
706,12/7/2016,0.100120491
707,12/8/2016,0.031612549
708,12/9/2016,0.508689513
709,12/10/2016,1.243049235
710,12/11/2016,1.072945622
711,12/12/2016,0.960688963
712,12/13/2016,0.28244221
713,12/14/2016,0.145916979
714,12/15/2016,1.666564783
715,12/16/2016,2.227069709
716,12/17/2016,0.545677409
717,12/18/2016,0.048308834
718,12/19/2016,0.196825013
719,12/20/2016,0.270387592
720,12/21/2016,0.150062987
721,12/22/2016,0.010990231
722,12/23/2016,0.06008647
723,12/24/2016,0.45928798
724,12/25/2016,1.750930958
725,12/26/2016,1.556957381
726,12/27/2016,0.320510216
727,12/28/2016,0.2256875
728,12/29/2016,0.047887623
729,12/30/2016,0.355465341
730,12/31/2016,0.383439003
731,1/1/2017,0.913089966
732,1/2/2017,1.683436661
733,1/3/2017,0.368538137
734,1/4/2017,0.035011096
735,1/5/2017,0.082523369
736,1/6/2017,0.07407429
737,1/7/2017,0.088941292
738,1/8/2017,0.658933502
739,1/9/2017,1.508019134
740,1/10/2017,1.038898696
741,1/11/2017,1.164993207
742,1/12/2017,0.201714701
743,1/13/2017,0.014729347
744,1/14/2017,0.002792504
745,1/15/2017,0.001134038
746,1/16/2017,0.029280598
747,1/17/2017,0.000266031
748,1/18/2017,0.048838447
749,1/19/2017,0.010604193
750,1/20/2017,0.021766284
751,1/21/2017,0.012090967
752,1/22/2017,0.059796998
753,1/23/2017,0.373125849
754,1/24/2017,0.190147197
755,1/25/2017,0.104713087
756,1/26/2017,0.102108364
757,1/27/2017,0.000968759
758,1/28/2017,0.000809973
759,1/29/2017,0
760,1/30/2017,0.061711905
761,1/31/2017,1.166666098
762,2/1/2017,1.166171686
763,2/2/2017,0.150081638
764,2/3/2017,0.205603072
765,2/4/2017,1.480205761
766,2/5/2017,0.942274511
767,2/6/2017,1.304839307
768,2/7/2017,1.693283205
769,2/8/2017,0.798908469
770,2/9/2017,0.627006778
771,2/10/2017,0.04400653
772,2/11/2017,0.109221807
773,2/12/2017,0.002815475
774,2/13/2017,0.005940623
775,2/14/2017,1.28E-05
776,2/15/2017,0
777,2/16/2017,7.72E-05
778,2/17/2017,0.020359229
779,2/18/2017,0.010193931
780,2/19/2017,0.034976897
781,2/20/2017,0.082015944
782,2/21/2017,0.102404547
783,2/22/2017,0.5274265
784,2/23/2017,0.406381035
785,2/24/2017,0.306950761
786,2/25/2017,0.31541199
787,2/26/2017,0.42037723
788,2/27/2017,0.799904933
789,2/28/2017,0.467643673
790,3/1/2017,0.294232694
791,3/2/2017,0.611489294
792,3/3/2017,0.023171273
793,3/4/2017,0.053274899
794,3/5/2017,0.426455868
795,3/6/2017,0.93508291
796,3/7/2017,0.378268222
797,3/8/2017,0.648857649
798,3/9/2017,2.156746766
799,3/10/2017,1.629478627
800,3/11/2017,0.474512553
801,3/12/2017,0.377383763
802,3/13/2017,0.120892245
803,3/14/2017,0.013502443
804,3/15/2017,5.09E-05
805,3/16/2017,0.001431161
806,3/17/2017,0.002922032
807,3/18/2017,0
808,3/19/2017,0.011593316
809,3/20/2017,0.003495523
810,3/21/2017,0.132931369
811,3/22/2017,0.000178235
812,3/23/2017,0.000131916
813,3/24/2017,0
814,3/25/2017,0.007481395
815,3/26/2017,0.006729119
816,3/27/2017,0.017303376
817,3/28/2017,0.010599316
818,3/29/2017,0.00012163
819,3/30/2017,0.019321074
820,3/31/2017,0.029588366
821,4/1/2017,4.17E-05
822,4/2/2017,0.00337007
823,4/3/2017,0.150147614
824,4/4/2017,0.510408858
825,4/5/2017,0.006321061
826,4/6/2017,2.55E-05
827,4/7/2017,3.01E-05
828,4/8/2017,0.004402849
829,4/9/2017,0.526846626
830,4/10/2017,0.691903644
831,4/11/2017,0.02969698
832,4/12/2017,0.042356427
833,4/13/2017,0
834,4/14/2017,0.176460061
835,4/15/2017,0.194037392
836,4/16/2017,0.000660541
837,4/17/2017,0.028382807
838,4/18/2017,0.011808247
839,4/19/2017,0.003278492
840,4/20/2017,0.000166965
841,4/21/2017,0.04041058
842,4/22/2017,0.001370107
843,4/23/2017,0.014209362
844,4/24/2017,0.041489921
845,4/25/2017,0.225918494
846,4/26/2017,0.124236988
847,4/27/2017,0.129739973
848,4/28/2017,0.150394487
849,4/29/2017,0.027665537
850,4/30/2017,2.03E-05
851,5/1/2017,0.014468392
852,5/2/2017,0.009696549
853,5/3/2017,0
854,5/4/2017,0
855,5/5/2017,0
856,5/6/2017,3.79E-05
857,5/7/2017,1.40E-05
858,5/8/2017,0.000199772
859,5/9/2017,0
860,5/10/2017,0
861,5/11/2017,0
862,5/12/2017,0
863,5/13/2017,0.035587837
864,5/14/2017,0.02231422
865,5/15/2017,0.000726026
866,5/16/2017,0.000132453
867,5/17/2017,0.250026561
868,5/18/2017,0.448960008
869,5/19/2017,0.005801872
870,5/20/2017,0
871,5/21/2017,0
872,5/22/2017,0
873,5/23/2017,0
874,5/24/2017,0
875,5/25/2017,0.018404332
876,5/26/2017,7.40E-05
877,5/27/2017,0
878,5/28/2017,0
879,5/29/2017,0
880,5/30/2017,0
881,5/31/2017,0
882,6/1/2017,0
883,6/2/2017,0
884,6/3/2017,0
885,6/4/2017,3.08E-05
886,6/5/2017,0
887,6/6/2017,0
888,6/7/2017,0
889,6/8/2017,0
890,6/9/2017,0
891,6/10/2017,0
892,6/11/2017,0
893,6/12/2017,0.004457165
894,6/13/2017,0.011892576
895,6/14/2017,4.65E-05
896,6/15/2017,0
897,6/16/2017,0
898,6/17/2017,0
899,6/18/2017,0
900,6/19/2017,0
901,6/20/2017,0
902,6/21/2017,0
903,6/22/2017,0
904,6/23/2017,0
905,6/24/2017,0
906,6/25/2017,0
907,6/26/2017,0
908,6/27/2017,0
909,6/28/2017,0
910,6/29/2017,0
911,6/30/2017,0
912,7/1/2017,0
913,7/2/2017,0
914,7/3/2017,0
915,7/4/2017,0
916,7/5/2017,0
917,7/6/2017,0
918,7/7/2017,0
919,7/8/2017,1.80E-05
920,7/9/2017,0
921,7/10/2017,0
922,7/11/2017,5.40E-05
923,7/12/2017,0
924,7/13/2017,0
925,7/14/2017,0
926,7/15/2017,1.26E-05
927,7/16/2017,0
928,7/17/2017,0
929,7/18/2017,0
930,7/19/2017,0
931,7/20/2017,0
932,7/21/2017,1.58E-05
933,7/22/2017,0
934,7/23/2017,0
935,7/24/2017,0
936,7/25/2017,0
937,7/26/2017,2.10E-05
938,7/27/2017,1.80E-05
939,7/28/2017,0
940,7/29/2017,0
941,7/30/2017,0
942,7/31/2017,0
943,8/1/2017,0
944,8/2/2017,0
945,8/3/2017,0
946,8/4/2017,0
947,8/5/2017,0
948,8/6/2017,0
949,8/7/2017,0
950,8/8/2017,0
951,8/9/2017,0
952,8/10/2017,0
953,8/11/2017,0
954,8/12/2017,0
955,8/13/2017,0
956,8/14/2017,0
957,8/15/2017,0
958,8/16/2017,0
959,8/17/2017,0
960,8/18/2017,0
961,8/19/2017,0
962,8/20/2017,0
963,8/21/2017,0
964,8/22/2017,0
965,8/23/2017,0
966,8/24/2017,0
967,8/25/2017,0
968,8/26/2017,0
969,8/27/2017,0
970,8/28/2017,0
971,8/29/2017,0
972,8/30/2017,0
973,8/31/2017,0
974,9/1/2017,0
975,9/2/2017,0
976,9/3/2017,0
977,9/4/2017,0
978,9/5/2017,0
979,9/6/2017,0
980,9/7/2017,0
981,9/8/2017,0
982,9/9/2017,0
983,9/10/2017,0
984,9/11/2017,0
985,9/12/2017,0
986,9/13/2017,0.002532781
987,9/14/2017,0.010255811
988,9/15/2017,0.054166994
989,9/16/2017,0.3435856
990,9/17/2017,0.001056774
991,9/18/2017,0
992,9/19/2017,0.013908916
993,9/20/2017,0.038044814
994,9/21/2017,0.043656478
995,9/22/2017,0.282585349
996,9/23/2017,0.059424585
997,9/24/2017,0
998,9/25/2017,0
999,9/26/2017,0
1000,9/27/2017,0
1001,9/28/2017,1.37E-05
1002,9/29/2017,0
1003,9/30/2017,0
1004,10/1/2017,0.035660087
1005,10/2/2017,0.417482059
1006,10/3/2017,1.693389036
1007,10/4/2017,0.02579965
1008,10/5/2017,0.013694614
1009,10/6/2017,0
1010,10/7/2017,0.000776024
1011,10/8/2017,0.029268521
1012,10/9/2017,0.028145809
1013,10/10/2017,0.00214655
1014,10/11/2017,3.95E-05
1015,10/12/2017,0.136249051
1016,10/13/2017,0.11913426
1017,10/14/2017,0.098570753
1018,10/15/2017,6.80E-05
1019,10/16/2017,0
1020,10/17/2017,0
1021,10/18/2017,0
1022,10/19/2017,0
1023,10/20/2017,0
1024,10/21/2017,0.030717443
1025,10/22/2017,0.012148375
1026,10/23/2017,7.12E-05
1027,10/24/2017,0
1028,10/25/2017,0.006659547
1029,10/26/2017,0.093704458
1030,10/27/2017,0.001286836
1031,10/28/2017,3.17E-05
1032,10/29/2017,0.009223691
1033,10/30/2017,0.018748121
1034,10/31/2017,0.040698732
1035,11/1/2017,0.697832995
1036,11/2/2017,1.128368188
1037,11/3/2017,1.826587031
1038,11/4/2017,1.795219542
1039,11/5/2017,0.556611458
1040,11/6/2017,1.023096169
1041,11/7/2017,0.209807819
1042,11/8/2017,0.031645688
1043,11/9/2017,0.093003573
1044,11/10/2017,0.160671035
1045,11/11/2017,0.174065585
1046,11/12/2017,0.010466236
1047,11/13/2017,0.000510112
1048,11/14/2017,0.212955783
1049,11/15/2017,0.024438417
1050,11/16/2017,0.065199926
1051,11/17/2017,0.202203261
1052,11/18/2017,0.013521059
1053,11/19/2017,0.000150181
1054,11/20/2017,0.070403823
1055,11/21/2017,0.240772794
1056,11/22/2017,0.003450032
1057,11/23/2017,0.000539879
1058,11/24/2017,2.53E-05
1059,11/25/2017,0.000113757
1060,11/26/2017,0.001318623
1061,11/27/2017,0.016649214
1062,11/28/2017,0.016104525
1063,11/29/2017,0.108469022
1064,11/30/2017,0.008915459
1065,12/1/2017,0.034769503
1066,12/2/2017,0.018495868
1067,12/3/2017,0.425399278
1068,12/4/2017,0.77510025
1069,12/5/2017,0.140473119
1070,12/6/2017,0.178129417
1071,12/7/2017,0.015260424
1072,12/8/2017,2.75E-05
1073,12/9/2017,8.76E-05
1074,12/10/2017,0.000117405
1075,12/11/2017,9.45E-05
1076,12/12/2017,0.000315474
1077,12/13/2017,0.109628984
1078,12/14/2017,0.195796805
1079,12/15/2017,0.068682629
1080,12/16/2017,0.654825945
1081,12/17/2017,0.351822505
1082,12/18/2017,0.33640296
1083,12/19/2017,1.333147967
1084,12/20/2017,2.293018087
1085,12/21/2017,1.006839639
1086,12/22/2017,1.37663587
1087,12/23/2017,0.929805812
1088,12/24/2017,0.065913603
1089,12/25/2017,0.397291958
1090,12/26/2017,0.525663002
1091,12/27/2017,0.364892428
1092,12/28/2017,1.170854842
1093,12/29/2017,3.097790851
1094,12/30/2017,3.516257971
1095,12/31/2017,1.015677396
1096,1/1/2018,0.022532424
1097,1/2/2018,0.145673386
1098,1/3/2018,0.060725781
1099,1/4/2018,0.019705507
1100,1/5/2018,0.054097483
1101,1/6/2018,0.026525908
1102,1/7/2018,0.010895361
1103,1/8/2018,0.023296936
1104,1/9/2018,0.061029065
1105,1/10/2018,1.429703609
1106,1/11/2018,1.055411612
1107,1/12/2018,1.397839734
1108,1/13/2018,0.408925054
1109,1/14/2018,0.390289631
1110,1/15/2018,0.322730262
1111,1/16/2018,0.013249566
1112,1/17/2018,0.002377818
1113,1/18/2018,0.018705094
1114,1/19/2018,0.403014486
1115,1/20/2018,0.172362508
1116,1/21/2018,0.020785964
1117,1/22/2018,0.064797854
1118,1/23/2018,0.075144235
1119,1/24/2018,0.144630076
1120,1/25/2018,0.057582524
1121,1/26/2018,0.18838381
1122,1/27/2018,0.350340993
1123,1/28/2018,0.663326143
1124,1/29/2018,0.095630201
1125,1/30/2018,0.068971056
1126,1/31/2018,0.262508734
1127,2/1/2018,0.217919275
1128,2/2/2018,0.465128358
1129,2/3/2018,1.073488852
1130,2/4/2018,2.068447387
1131,2/5/2018,2.389737058
1132,2/6/2018,0.728432063
1133,2/7/2018,0.465548228
1134,2/8/2018,2.265983676
1135,2/9/2018,2.776375888
1136,2/10/2018,0.236753471
1137,2/11/2018,0.1722066
1138,2/12/2018,0.330322689
1139,2/13/2018,0.005844433
1140,2/14/2018,0.305697976
1141,2/15/2018,1.962716165
1142,2/16/2018,0.272545042
1143,2/17/2018,1.313356162
1144,2/18/2018,3.501531677
1145,2/19/2018,0.934706072
1146,2/20/2018,0.345757886
1147,2/21/2018,0.008566989
1148,2/22/2018,0.030870295
1149,2/23/2018,0.031435352
1150,2/24/2018,0.050174472
1151,2/25/2018,0.185406746
1152,2/26/2018,0.495187308
1153,2/27/2018,0.166011843
1154,2/28/2018,0.104466482
1155,3/1/2018,0.017527766
1156,3/2/2018,0.265030589
1157,3/3/2018,0.42901671
1158,3/4/2018,1.289441242
1159,3/5/2018,1.77452097
1160,3/6/2018,0.319221049
1161,3/7/2018,0.007002719
1162,3/8/2018,0.090514541
1163,3/9/2018,0.145252043
1164,3/10/2018,0.384617781
1165,3/11/2018,0.021216571
1166,3/12/2018,0.001096354
1167,3/13/2018,2.70E-05
1168,3/14/2018,0.004069315
1169,3/15/2018,0.344203535
1170,3/16/2018,0.735497809
1171,3/17/2018,0.543098618
1172,3/18/2018,0.400514079
1173,3/19/2018,0.509916265
1174,3/20/2018,0.22638512
1175,3/21/2018,0.000864332
1176,3/22/2018,0.036273218
1177,3/23/2018,0.230993365
1178,3/24/2018,0.129865679
1179,3/25/2018,0.115192592
1180,3/26/2018,0.093555089
1181,3/27/2018,0.027294596
1182,3/28/2018,0.179270342
1183,3/29/2018,0.353731343
1184,3/30/2018,0.195854002
1185,3/31/2018,0.901222707
1186,4/1/2018,0.262953932
1187,4/2/2018,2.405410957
1188,4/3/2018,1.48284842
1189,4/4/2018,0.194505123
1190,4/5/2018,0.560284638
1191,4/6/2018,1.366833757
1192,4/7/2018,0.241285263
1193,4/8/2018,1.403062037
1194,4/9/2018,0.119871439
1195,4/10/2018,0.0754686
1196,4/11/2018,0.043081681
1197,4/12/2018,0.579252489
1198,4/13/2018,1.844077862
1199,4/14/2018,0.099579794
1200,4/15/2018,0.029206244
1201,4/16/2018,0.135425406
1202,4/17/2018,0.16610454
1203,4/18/2018,0.04168322
1204,4/19/2018,0
1205,4/20/2018,0
1206,4/21/2018,0
1207,4/22/2018,0.037212373
1208,4/23/2018,0.40902813
1209,4/24/2018,0.620281077
1210,4/25/2018,0.004772542
1211,4/26/2018,1.54E-05
1212,4/27/2018,0
1213,4/28/2018,0
1214,4/29/2018,0.000241647
1215,4/30/2018,0.083002312
1216,5/1/2018,0.036129586
1217,5/2/2018,0.001961347
1218,5/3/2018,0
1219,5/4/2018,0
1220,5/5/2018,0
1221,5/6/2018,0
1222,5/7/2018,0
1223,5/8/2018,5.54E-05
1224,5/9/2018,0
1225,5/10/2018,0
1226,5/11/2018,0.002677155
1227,5/12/2018,0.00860602
1228,5/13/2018,0
1229,5/14/2018,0
1230,5/15/2018,0
1231,5/16/2018,0
1232,5/17/2018,0
1233,5/18/2018,0
1234,5/19/2018,3.69E-05
1235,5/20/2018,0
1236,5/21/2018,0
1237,5/22/2018,0
1238,5/23/2018,2.06E-05
1239,5/24/2018,0
1240,5/25/2018,0
1241,5/26/2018,0
1242,5/27/2018,0
1243,5/28/2018,0
1244,5/29/2018,0
1245,5/30/2018,0
1246,5/31/2018,0
1247,6/1/2018,0
1248,6/2/2018,2.59E-05
1249,6/3/2018,0
1250,6/4/2018,0
1251,6/5/2018,0
1252,6/6/2018,0
1253,6/7/2018,1.78E-05
1254,6/8/2018,0
1255,6/9/2018,0
1256,6/10/2018,9.60E-05
1257,6/11/2018,0.000251374
1258,6/12/2018,0.000282173
1259,6/13/2018,0
1260,6/14/2018,0
1261,6/15/2018,4.02E-05
1262,6/16/2018,0
1263,6/17/2018,0
1264,6/18/2018,0
1265,6/19/2018,0
1266,6/20/2018,0
1267,6/21/2018,0
1268,6/22/2018,3.88E-05
1269,6/23/2018,0
1270,6/24/2018,0
1271,6/25/2018,0
1272,6/26/2018,0
1273,6/27/2018,0
1274,6/28/2018,0
1275,6/29/2018,9.60E-05
1276,6/30/2018,0
1277,7/1/2018,0
1278,7/2/2018,0
1279,7/3/2018,0
1280,7/4/2018,0
1281,7/5/2018,0
1282,7/6/2018,0
1283,7/7/2018,0
1284,7/8/2018,0
1285,7/9/2018,0
1286,7/10/2018,0
1287,7/11/2018,2.84E-05
1288,7/12/2018,0
1289,7/13/2018,0
1290,7/14/2018,0
1291,7/15/2018,0
1292,7/16/2018,0
1293,7/17/2018,0
1294,7/18/2018,0
1295,7/19/2018,0
1296,7/20/2018,0
1297,7/21/2018,0
1298,7/22/2018,2.84E-05
1299,7/23/2018,0
1300,7/24/2018,0
1301,7/25/2018,0
1302,7/26/2018,4.05E-05
1303,7/27/2018,2.34E-05
1304,7/28/2018,2.67E-05
1305,7/29/2018,1.99E-05
1306,7/30/2018,0
1307,7/31/2018,0
1308,8/1/2018,0
1309,8/2/2018,0
1310,8/3/2018,2.08E-05
1311,8/4/2018,0
1312,8/5/2018,0
1313,8/6/2018,0
1314,8/7/2018,0
1315,8/8/2018,0
1316,8/9/2018,0
1317,8/10/2018,0
1318,8/11/2018,0
1319,8/12/2018,0
1320,8/13/2018,0
1321,8/14/2018,0
1322,8/15/2018,0
1323,8/16/2018,0
1324,8/17/2018,0
1325,8/18/2018,0
1326,8/19/2018,0
1327,8/20/2018,0
1328,8/21/2018,0
1329,8/22/2018,0
1330,8/23/2018,0
1331,8/24/2018,0
1332,8/25/2018,0
1333,8/26/2018,0
1334,8/27/2018,0
1335,8/28/2018,0
1336,8/29/2018,0
1337,8/30/2018,0
1338,8/31/2018,0
1339,9/1/2018,0
1340,9/2/2018,0
1341,9/3/2018,0
1342,9/4/2018,0
1343,9/5/2018,0
1344,9/6/2018,0
1345,9/7/2018,0
1346,9/8/2018,0
1347,9/9/2018,0
1348,9/10/2018,0
1349,9/11/2018,0
1350,9/12/2018,0
1351,9/13/2018,0
1352,9/14/2018,0
1353,9/15/2018,0
1354,9/16/2018,0
1355,9/17/2018,0
1356,9/18/2018,0
1357,9/19/2018,0
1358,9/20/2018,0
1359,9/21/2018,2.36E-05
1360,9/22/2018,0
1361,9/23/2018,0
1362,9/24/2018,0
1363,9/25/2018,0
1364,9/26/2018,3.31E-05
1365,9/27/2018,0.005549066
1366,9/28/2018,0.065145669
1367,9/29/2018,0.012013008
1368,9/30/2018,0.156270893
1369,10/1/2018,0.079633772
1370,10/2/2018,0.048783961
1371,10/3/2018,0.49018637
1372,10/4/2018,0.089233397
1373,10/5/2018,0.169726688
1374,10/6/2018,0.008266408
1375,10/7/2018,0.000637488
1376,10/8/2018,0.004856737
1377,10/9/2018,0.26501334
1378,10/10/2018,0.336261275
1379,10/11/2018,0.049045943
1380,10/12/2018,0.045227713
1381,10/13/2018,0.664153857
1382,10/14/2018,0.296273003
1383,10/15/2018,0.00025599
1384,10/16/2018,0
1385,10/17/2018,0
1386,10/18/2018,0
1387,10/19/2018,0
1388,10/20/2018,0
1389,10/21/2018,0
1390,10/22/2018,0
1391,10/23/2018,0
1392,10/24/2018,0
1393,10/25/2018,0.00108096
1394,10/26/2018,0
1395,10/27/2018,0
1396,10/28/2018,0
1397,10/29/2018,0.015335296
1398,10/30/2018,0.008770103
1399,10/31/2018,0.053105256
1400,11/1/2018,0.094086307
1401,11/2/2018,0.063509971
1402,11/3/2018,0.078527788
1403,11/4/2018,0.054807837
1404,11/5/2018,0.119551711
1405,11/6/2018,0.668874435
1406,11/7/2018,0.658934606
1407,11/8/2018,0.576097443
1408,11/9/2018,0.11679386
1409,11/10/2018,0.516963737
1410,11/11/2018,0.355410007
1411,11/12/2018,0.267566369
1412,11/13/2018,0.039603263
1413,11/14/2018,0.00012493
1414,11/15/2018,0.005071298
1415,11/16/2018,0.424229497
1416,11/17/2018,0.541267251
1417,11/18/2018,0.057974328
1418,11/19/2018,0.076461535
1419,11/20/2018,0.000791911
1420,11/21/2018,0.000130676
1421,11/22/2018,0.024163562
1422,11/23/2018,0.095461117
1423,11/24/2018,0.663573723
1424,11/25/2018,0.228437251
1425,11/26/2018,0.064363037
1426,11/27/2018,0.038888725
1427,11/28/2018,0.029358138
1428,11/29/2018,0.004732215
1429,11/30/2018,0.107721633
1430,12/1/2018,1.078902133
1431,12/2/2018,0.801520272
1432,12/3/2018,0.127816557
1433,12/4/2018,0.051843924
1434,12/5/2018,0.111547777
1435,12/6/2018,0.060396104
1436,12/7/2018,0.000342428
1437,12/8/2018,0.001128989
1438,12/9/2018,0.000547084
1439,12/10/2018,0.031888324
1440,12/11/2018,0.14828716
1441,12/12/2018,0.277397211
1442,12/13/2018,0.03614564
1443,12/14/2018,0.027419231
1444,12/15/2018,0.023985533
1445,12/16/2018,0.009391152
1446,12/17/2018,0.016085201
1447,12/18/2018,0.01801783
1448,12/19/2018,0.17480126
1449,12/20/2018,0.014700844
1450,12/21/2018,0.146149599
1451,12/22/2018,0.049880999
1452,12/23/2018,0.066451776
1453,12/24/2018,0.241432988
1454,12/25/2018,0.211703541
1455,12/26/2018,1.160875598
1456,12/27/2018,0.407052643
1457,12/28/2018,0.254071183
1458,12/29/2018,0.175327432
1459,12/30/2018,0.509611045
1460,12/31/2018,1.300808998
1461,1/1/2019,0.066235505
1462,1/2/2019,0.063477269
1463,1/3/2019,0.073437215
1464,1/4/2019,0.0017015
1465,1/5/2019,0.008589855
1466,1/6/2019,0.055790409
1467,1/7/2019,0.479351704
1468,1/8/2019,0.179019434
1469,1/9/2019,0.155145888
1470,1/10/2019,0.027151693
1471,1/11/2019,0.010422999
1472,1/12/2019,0.001552023
1473,1/13/2019,0.000958568
1474,1/14/2019,0.014096338
1475,1/15/2019,0.012021239
1476,1/16/2019,0.005643133
1477,1/17/2019,0.277229409
1478,1/18/2019,1.605893429
1479,1/19/2019,0.163398009
1480,1/20/2019,0.349210344
1481,1/21/2019,1.780509741
1482,1/22/2019,0.815836262
1483,1/23/2019,1.285149004
1484,1/24/2019,1.119340194
1485,1/25/2019,0.38454691
1486,1/26/2019,0.225625959
1487,1/27/2019,0.181741358
1488,1/28/2019,0.599687331
1489,1/29/2019,0.071947838
1490,1/30/2019,0.010017004
1491,1/31/2019,0.039719151
1492,2/1/2019,0.011891574
1493,2/2/2019,0.126343984
1494,2/3/2019,1.728347489
1495,2/4/2019,2.017155189
1496,2/5/2019,1.033074689
1497,2/6/2019,1.137961722
1498,2/7/2019,0.21782578
1499,2/8/2019,0.392469968
1500,2/9/2019,0.684668104
1501,2/10/2019,0.431245368
1502,2/11/2019,0.540303099
1503,2/12/2019,0.825845244
1504,2/13/2019,0.870295609
1505,2/14/2019,0.861070387
1506,2/15/2019,1.592009867
1507,2/16/2019,1.442433039
1508,2/17/2019,1.26279263
1509,2/18/2019,0.365098129
1510,2/19/2019,0.17315889
1511,2/20/2019,0.209533014
1512,2/21/2019,0.488713533
1513,2/22/2019,0.092569825
1514,2/23/2019,0.288890638
1515,2/24/2019,0.813017034
1516,2/25/2019,2.554534649
1517,2/26/2019,2.459983195
1518,2/27/2019,1.319417742
1519,2/28/2019,0.94345599
1520,3/1/2019,1.34810383
1521,3/2/2019,0.885076003
1522,3/3/2019,0.045619004
1523,3/4/2019,0.033451033
1524,3/5/2019,0.009248797
1525,3/6/2019,0.398331847
1526,3/7/2019,0.318455971
1527,3/8/2019,0.148036329
1528,3/9/2019,0.639822781
1529,3/10/2019,0.012896328
1530,3/11/2019,0.041732978
1531,3/12/2019,0.020965943
1532,3/13/2019,0.565992341
1533,3/14/2019,0.17900592
1534,3/15/2019,0.000922582
1535,3/16/2019,0
1536,3/17/2019,0
1537,3/18/2019,0
1538,3/19/2019,0
1539,3/20/2019,0
1540,3/21/2019,0
1541,3/22/2019,0.00233023
1542,3/23/2019,6.78E-05
1543,3/24/2019,0.036562801
1544,3/25/2019,0.073766293
1545,3/26/2019,0.011418821
1546,3/27/2019,0.066044922
1547,3/28/2019,0.567593551
1548,3/29/2019,0.296869619
1549,3/30/2019,0.043450901
1550,3/31/2019,0.00303923
1551,4/1/2019,0.197172823
1552,4/2/2019,0.028928485
1553,4/3/2019,0.000162206
1554,4/4/2019,0.002670279
1555,4/5/2019,0.006541729
1556,4/6/2019,0.004987782
1557,4/7/2019,0.005967057
1558,4/8/2019,0.001801313
1559,4/9/2019,0.036416877
1560,4/10/2019,0.487313254
1561,4/11/2019,0.160033614
1562,4/12/2019,0.157396604
1563,4/13/2019,0.007628253
1564,4/14/2019,0.016679567
1565,4/15/2019,0.116174257
1566,4/16/2019,0.092113131
1567,4/17/2019,0.008375903
1568,4/18/2019,0.003592231
1569,4/19/2019,4.26E-05
1570,4/20/2019,0
1571,4/21/2019,0.004263244
1572,4/22/2019,0.004850024
1573,4/23/2019,4.06E-05
1574,4/24/2019,0
1575,4/25/2019,0.000115378
1576,4/26/2019,4.53E-05
1577,4/27/2019,0.016584094
1578,4/28/2019,0.77094387
1579,4/29/2019,0.340832219
1580,4/30/2019,0.177562506
1581,5/1/2019,0.133706414
1582,5/2/2019,0.00836524
1583,5/3/2019,0.026372304
1584,5/4/2019,0.018386325
1585,5/5/2019,0.369725865
1586,5/6/2019,0.112572826
1587,5/7/2019,1.81E-05
1588,5/8/2019,0.006497756
1589,5/9/2019,0.029506944
1590,5/10/2019,7.33E-05
1591,5/11/2019,0
1592,5/12/2019,0
1593,5/13/2019,0
1594,5/14/2019,5.88E-05
1595,5/15/2019,0.000117641
1596,5/16/2019,0
1597,5/17/2019,0.028078642
1598,5/18/2019,0.427260102
1599,5/19/2019,0.12783913
1600,5/20/2019,0.027350926
1601,5/21/2019,0.014268781
1602,5/22/2019,0.129068774
1603,5/23/2019,0.004294661
1604,5/24/2019,0
1605,5/25/2019,0
1606,5/26/2019,0
1607,5/27/2019,0
1608,5/28/2019,0
1609,5/29/2019,0
1610,5/30/2019,0
1611,5/31/2019,0
1612,6/1/2019,0
1613,6/2/2019,0
1614,6/3/2019,0
1615,6/4/2019,0
1616,6/5/2019,0
1617,6/6/2019,0
1618,6/7/2019,0.00012033
1619,6/8/2019,0.024294088
1620,6/9/2019,0.006665414
1621,6/10/2019,0
1622,6/11/2019,0
1623,6/12/2019,0
1624,6/13/2019,0
1625,6/14/2019,0
1626,6/15/2019,0
1627,6/16/2019,0
1628,6/17/2019,0
1629,6/18/2019,0
1630,6/19/2019,6.18E-05
1631,6/20/2019,6.15E-05
1632,6/21/2019,0.004311089
1633,6/22/2019,3.12E-05
1634,6/23/2019,0
1635,6/24/2019,0
1636,6/25/2019,0
1637,6/26/2019,2.32E-05
1638,6/27/2019,2.67E-05
1639,6/28/2019,0
1640,6/29/2019,0
1641,6/30/2019,0
1642,7/1/2019,0
1643,7/2/2019,0
1644,7/3/2019,0
1645,7/4/2019,0
1646,7/5/2019,0
1647,7/6/2019,0.000175067
1648,7/7/2019,0
1649,7/8/2019,3.35E-05
1650,7/9/2019,0
1651,7/10/2019,0
1652,7/11/2019,0
1653,7/12/2019,0
1654,7/13/2019,0
1655,7/14/2019,7.28E-05
1656,7/15/2019,2.81E-05
1657,7/16/2019,2.81E-05
1658,7/17/2019,0
1659,7/18/2019,0
1660,7/19/2019,0
1661,7/20/2019,0
1662,7/21/2019,0
1663,7/22/2019,0
1664,7/23/2019,0
1665,7/24/2019,0
1666,7/25/2019,0
1667,7/26/2019,0
1668,7/27/2019,0
1669,7/28/2019,2.81E-05
1670,7/29/2019,0
1671,7/30/2019,0
1672,7/31/2019,0
1673,8/1/2019,0
1674,8/2/2019,1.81E-05
1675,8/3/2019,0
1676,8/4/2019,0
1677,8/5/2019,0
1678,8/6/2019,0
1679,8/7/2019,0
1680,8/8/2019,0
1681,8/9/2019,0
1682,8/10/2019,0
1683,8/11/2019,2.26E-05
1684,8/12/2019,0.004307972
1685,8/13/2019,0
1686,8/14/2019,0
1687,8/15/2019,0
1688,8/16/2019,0
1689,8/17/2019,0
1690,8/18/2019,0
1691,8/19/2019,0
1692,8/20/2019,0
1693,8/21/2019,7.41E-05
1694,8/22/2019,1.65E-05
1695,8/23/2019,0.000108491
1696,8/24/2019,0
1697,8/25/2019,0
1698,8/26/2019,0
1699,8/27/2019,0
1700,8/28/2019,0
1701,8/29/2019,0
1702,8/30/2019,0
1703,8/31/2019,0
1704,9/1/2019,0
1705,9/2/2019,0
1706,9/3/2019,0
1707,9/4/2019,0
1708,9/5/2019,0
1709,9/6/2019,0
1710,9/7/2019,0
1711,9/8/2019,0
1712,9/9/2019,0
1713,9/10/2019,0
1714,9/11/2019,2.61E-05
1715,9/12/2019,0
1716,9/13/2019,0
1717,9/14/2019,0
1718,9/15/2019,0
1719,9/16/2019,0
1720,9/17/2019,0
1721,9/18/2019,0
1722,9/19/2019,0
1723,9/20/2019,3.91E-05
1724,9/21/2019,0.006561229
1725,9/22/2019,0
1726,9/23/2019,0
1727,9/24/2019,0
1728,9/25/2019,0
1729,9/26/2019,0.011059866
1730,9/27/2019,0.094396025
1731,9/28/2019,1.245802324
1732,9/29/2019,2.232841741
1733,9/30/2019,0.710431032
1734,10/1/2019,0.171717444
1735,10/2/2019,0.127091076
1736,10/3/2019,0.049461565
1737,10/4/2019,6.35E-05
1738,10/5/2019,0.000219435
1739,10/6/2019,0.001127927
1740,10/7/2019,0.007714915
1741,10/8/2019,0.246830179
1742,10/9/2019,2.397475535
1743,10/10/2019,1.074121822
1744,10/11/2019,0.038344556
1745,10/12/2019,0
1746,10/13/2019,0
1747,10/14/2019,4.94E-05
1748,10/15/2019,4.25E-05
1749,10/16/2019,0
1750,10/17/2019,0
1751,10/18/2019,0.002724229
1752,10/19/2019,0.016283429
1753,10/20/2019,0.198435776
1754,10/21/2019,0.133482432
1755,10/22/2019,0.0363572
1756,10/23/2019,0.23413434
1757,10/24/2019,0.081074219
1758,10/25/2019,0.055372459
1759,10/26/2019,0.948461951
1760,10/27/2019,0.627467296
1761,10/28/2019,0.685927871
1762,10/29/2019,0.723279432
1763,10/30/2019,0.047314359
1764,10/31/2019,0.024756681
1765,11/1/2019,0.118018728
1766,11/2/2019,0.003209117
1767,11/3/2019,0.058788774
1768,11/4/2019,0.40440929
1769,11/5/2019,0.214399927
1770,11/6/2019,0.986084273
1771,11/7/2019,0.037260203
1772,11/8/2019,0.001528004
1773,11/9/2019,0.099439939
1774,11/10/2019,1.47660806
1775,11/11/2019,0.71631516
1776,11/12/2019,0.088845359
1777,11/13/2019,0.126697207
1778,11/14/2019,0.007822988
1779,11/15/2019,0.001922685
1780,11/16/2019,0.011106718
1781,11/17/2019,0.017873366
1782,11/18/2019,0.001311536
1783,11/19/2019,0.245740294
1784,11/20/2019,0.850920613
1785,11/21/2019,0.019893169
1786,11/22/2019,0.004007044
1787,11/23/2019,0.000192698
1788,11/24/2019,0.008885179
1789,11/25/2019,0.062132822
1790,11/26/2019,0.297199187
1791,11/27/2019,0.62646975
1792,11/28/2019,1.154462559
1793,11/29/2019,1.034061478
1794,11/30/2019,2.124831996
1795,12/1/2019,0.499168646
1796,12/2/2019,0.158918735
1797,12/3/2019,0.03033906
1798,12/4/2019,0.013935017
1799,12/5/2019,0.01328794
1800,12/6/2019,0.043308685
1801,12/7/2019,0.027471918
1802,12/8/2019,1.039007982
1803,12/9/2019,0.647321438
1804,12/10/2019,0.38941294
1805,12/11/2019,0.171569316
1806,12/12/2019,0.215957967
1807,12/13/2019,0.539941419
1808,12/14/2019,0.449076222
1809,12/15/2019,0.171062731
1810,12/16/2019,0.045413514
1811,12/17/2019,0.014535187
1812,12/18/2019,0.020928332
1813,12/19/2019,0.036261584
1814,12/20/2019,0.070221359
1815,12/21/2019,0
1816,12/22/2019,0
1817,12/23/2019,0.01641055
1818,12/24/2019,0.254778865
1819,12/25/2019,0.206848903
1820,12/26/2019,0.075697496
1821,12/27/2019,0.012732487
1822,12/28/2019,0.042650881
1823,12/29/2019,0.044329239
1824,12/30/2019,0.03452394
1825,12/31/2019,0.058537906
1826,1/1/2020,0.258088493
1827,1/2/2020,0.156575856
1828,1/3/2020,0.152581734
1829,1/4/2020,0.028582711
1830,1/5/2020,0.095009825
1831,1/6/2020,0.195501985
1832,1/7/2020,0.663262603
1833,1/8/2020,0.198918502
1834,1/9/2020,0.198444617
1835,1/10/2020,0.46831607
1836,1/11/2020,0.365393155
1837,1/12/2020,0.346336444
1838,1/13/2020,0.752337352
1839,1/14/2020,0.444859596
1840,1/15/2020,0.467904509
1841,1/16/2020,0.135006873
1842,1/17/2020,0.340825151
1843,1/18/2020,0.237400043
1844,1/19/2020,0.04981094
1845,1/20/2020,0.004413747
1846,1/21/2020,0.036147148
1847,1/22/2020,0.129689913
1848,1/23/2020,0.06911445
1849,1/24/2020,0.019517276
1850,1/25/2020,0.019224839
1851,1/26/2020,0.033156649
1852,1/27/2020,0.158033473
1853,1/28/2020,0.202085995
1854,1/29/2020,0.079442032
1855,1/30/2020,0.153170708
1856,1/31/2020,0.059408446
1857,2/1/2020,0.00763184
1858,2/2/2020,0.552826291
1859,2/3/2020,0.586643514
1860,2/4/2020,0.043985701
1861,2/5/2020,0.291066684
1862,2/6/2020,0.853245554
1863,2/7/2020,0.890041562
1864,2/8/2020,0.972318816
1865,2/9/2020,1.010761158
1866,2/10/2020,0.578403726
1867,2/11/2020,0.298377001
1868,2/12/2020,0.831075523
1869,2/13/2020,0.176394253
1870,2/14/2020,0.16150241
1871,2/15/2020,0.118147346
1872,2/16/2020,0.236701586
1873,2/17/2020,0.366534825
1874,2/18/2020,0.471938177
1875,2/19/2020,0.138606313
1876,2/20/2020,0.0002508
1877,2/21/2020,2.33E-05
1878,2/22/2020,0.003710498
1879,2/23/2020,0.041962927
1880,2/24/2020,0.759812221
1881,2/25/2020,0.687966551
1882,2/26/2020,0.053821617
1883,2/27/2020,0.156896025
1884,2/28/2020,0
1885,2/29/2020,0.018257718
1886,3/1/2020,0.075284469
1887,3/2/2020,0.007760486
1888,3/3/2020,0.04278641
1889,3/4/2020,0.03808162
1890,3/5/2020,0.012835465
1891,3/6/2020,0.000715188
1892,3/7/2020,0.070915206
1893,3/8/2020,0.374839406
1894,3/9/2020,0.120583726
1895,3/10/2020,0.12580126
1896,3/11/2020,0.115666624
1897,3/12/2020,0.361269508
1898,3/13/2020,0.42294016
1899,3/14/2020,1.737197508
1900,3/15/2020,1.417138762
1901,3/16/2020,0.262208062
1902,3/17/2020,0.004318017
1903,3/18/2020,0.210441574
1904,3/19/2020,0.318917869
1905,3/20/2020,0.098391991
1906,3/21/2020,0.037085849
1907,3/22/2020,0.295469334
1908,3/23/2020,0.030128774
1909,3/24/2020,0.105946917
1910,3/25/2020,0.420568755
1911,3/26/2020,0.172727927
1912,3/27/2020,0.015977805
1913,3/28/2020,0.026914248
1914,3/29/2020,0.000377511
1915,3/30/2020,0.056013767
1916,3/31/2020,0.476465155
1917,4/1/2020,1.687688035
1918,4/2/2020,0.568250384
1919,4/3/2020,0.138999085
1920,4/4/2020,0.163236191
1921,4/5/2020,0.118043648
1922,4/6/2020,0.03397338
1923,4/7/2020,0.01155851
1924,4/8/2020,0.055193367
1925,4/9/2020,0.000144412
1926,4/10/2020,0.019068564
1927,4/11/2020,1.705194103
1928,4/12/2020,1.368650741
1929,4/13/2020,0.295705589
1930,4/14/2020,0.032259117
1931,4/15/2020,0.733371326
1932,4/16/2020,0.340517423
1933,4/17/2020,0.003325498
1934,4/18/2020,0.008827035
1935,4/19/2020,0.111916912
1936,4/20/2020,0.000148514
1937,4/21/2020,0
1938,4/22/2020,0
1939,4/23/2020,0.000162165
1940,4/24/2020,0.005547896
1941,4/25/2020,5.12E-05
1942,4/26/2020,0
1943,4/27/2020,0
1944,4/28/2020,0.00010137
1945,4/29/2020,0
1946,4/30/2020,0
1947,5/1/2020,2.52E-05
1948,5/2/2020,0
1949,5/3/2020,0
1950,5/4/2020,0.012527745
1951,5/5/2020,0.003593957
1952,5/6/2020,0.048031924
1953,5/7/2020,0.147362911
1954,5/8/2020,0.006520109
1955,5/9/2020,0.017043132
1956,5/10/2020,0.000168443
1957,5/11/2020,0.007959382
1958,5/12/2020,0.107974612
1959,5/13/2020,0.029566074
1960,5/14/2020,9.54E-05
1961,5/15/2020,0.014644911
1962,5/16/2020,0.00012941
1963,5/17/2020,0
1964,5/18/2020,0
1965,5/19/2020,0
1966,5/20/2020,0
1967,5/21/2020,0.001004341
1968,5/22/2020,8.84E-05
1969,5/23/2020,0.040989477
1970,5/24/2020,0.074655869
1971,5/25/2020,0
1972,5/26/2020,0
1973,5/27/2020,0
1974,5/28/2020,0
1975,5/29/2020,0
1976,5/30/2020,0
1977,5/31/2020,0
1978,6/1/2020,0
1979,6/2/2020,0
1980,6/3/2020,0
1981,6/4/2020,0
1982,6/5/2020,2.58E-05
1983,6/6/2020,0
1984,6/7/2020,0
1985,6/8/2020,0.148843739
1986,6/9/2020,0.000145162
1987,6/10/2020,0
1988,6/11/2020,0
1989,6/12/2020,0
1990,6/13/2020,0
1991,6/14/2020,5.08E-05
1992,6/15/2020,8.38E-05
1993,6/16/2020,0
1994,6/17/2020,5.08E-05
1995,6/18/2020,2.58E-05
1996,6/19/2020,0
1997,6/20/2020,0
1998,6/21/2020,0
1999,6/22/2020,0
2000,6/23/2020,0
2001,6/24/2020,0
2002,6/25/2020,1.82E-05
2003,6/26/2020,0
2004,6/27/2020,0
2005,6/28/2020,0
2006,6/29/2020,0
2007,6/30/2020,0
2008,7/1/2020,0
2009,7/2/2020,2.62E-05
2010,7/3/2020,0
2011,7/4/2020,0
2012,7/5/2020,3.27E-05
2013,7/6/2020,0
2014,7/7/2020,0.000338884
2015,7/8/2020,0
2016,7/9/2020,0
2017,7/10/2020,0
2018,7/11/2020,0
2019,7/12/2020,0
2020,7/13/2020,0
2021,7/14/2020,0
2022,7/15/2020,0
2023,7/16/2020,0
2024,7/17/2020,0
2025,7/18/2020,0
2026,7/19/2020,0
2027,7/20/2020,0
2028,7/21/2020,0
2029,7/22/2020,0
2030,7/23/2020,0
2031,7/24/2020,3.92E-05
2032,7/25/2020,0
2033,7/26/2020,0
2034,7/27/2020,0
2035,7/28/2020,0
2036,7/29/2020,0
2037,7/30/2020,0
2038,7/31/2020,0
2039,8/1/2020,2.64E-05
2040,8/2/2020,0
2041,8/3/2020,0
2042,8/4/2020,0
2043,8/5/2020,0
2044,8/6/2020,0
2045,8/7/2020,0
2046,8/8/2020,0
2047,8/9/2020,0
2048,8/10/2020,0
2049,8/11/2020,0
2050,8/12/2020,0
2051,8/13/2020,0
2052,8/14/2020,0
2053,8/15/2020,0
2054,8/16/2020,0
2055,8/17/2020,0
2056,8/18/2020,0
2057,8/19/2020,0
2058,8/20/2020,0
2059,8/21/2020,4.01E-05
2060,8/22/2020,0
2061,8/23/2020,0
2062,8/24/2020,0
2063,8/25/2020,0
2064,8/26/2020,0
2065,8/27/2020,0
2066,8/28/2020,0
2067,8/29/2020,0
2068,8/30/2020,0
2069,8/31/2020,0
2070,9/1/2020,0
2071,9/2/2020,0
2072,9/3/2020,0
2073,9/4/2020,0
2074,9/5/2020,0
2075,9/6/2020,0
2076,9/7/2020,0.037130875
2077,9/8/2020,0.120755729
2078,9/9/2020,0
2079,9/10/2020,0
2080,9/11/2020,0
2081,9/12/2020,0
2082,9/13/2020,0
2083,9/14/2020,0
2084,9/15/2020,0
2085,9/16/2020,0
2086,9/17/2020,0
2087,9/18/2020,0
2088,9/19/2020,0
2089,9/20/2020,0
2090,9/21/2020,0
2091,9/22/2020,0
2092,9/23/2020,0
2093,9/24/2020,0
2094,9/25/2020,0
2095,9/26/2020,0
2096,9/27/2020,5.19E-05
2097,9/28/2020,3.07E-05
2098,9/29/2020,2.63E-05
2099,9/30/2020,0
2100,10/1/2020,0
2101,10/2/2020,0
2102,10/3/2020,0
2103,10/4/2020,0
2104,10/5/2020,0
2105,10/6/2020,0
2106,10/7/2020,0
2107,10/8/2020,0
2108,10/9/2020,0
2109,10/10/2020,0
2110,10/11/2020,0.002785521
2111,10/12/2020,0.007300715
2112,10/13/2020,0.012413123
2113,10/14/2020,0.013700469
2114,10/15/2020,0.059955829
2115,10/16/2020,0.07827998
2116,10/17/2020,1.36203425
2117,10/18/2020,1.583168205
2118,10/19/2020,1.397010708
2119,10/20/2020,0.290537751
2120,10/21/2020,0.386980905
2121,10/22/2020,1.806921476
2122,10/23/2020,0.486746671
2123,10/24/2020,3.698406908
2124,10/25/2020,0.991061803
2125,10/26/2020,0.196409381
2126,10/27/2020,0.029547399
2127,10/28/2020,1.99E-05
2128,10/29/2020,6.22E-05
2129,10/30/2020,0.001013606
2130,10/31/2020,0.000106212
2131,11/1/2020,0.030016696
2132,11/2/2020,0.1206537
2133,11/3/2020,0
2134,11/4/2020,0
2135,11/5/2020,0
2136,11/6/2020,0.00010323
2137,11/7/2020,0.296552644
2138,11/8/2020,2.622176245
2139,11/9/2020,1.894199367
2140,11/10/2020,0.28321875
2141,11/11/2020,0.4923415
2142,11/12/2020,0.205434936
2143,11/13/2020,0.097346256
2144,11/14/2020,0.300822741
2145,11/15/2020,0.087515119
2146,11/16/2020,0.056777961
2147,11/17/2020,0.057306547
2148,11/18/2020,0.016226856
2149,11/19/2020,0.113247197
2150,11/20/2020,0.083054518
2151,11/21/2020,0.011098396
2152,11/22/2020,0.000100659
2153,11/23/2020,0.032019441
2154,11/24/2020,0.030707973
2155,11/25/2020,0.087985707
2156,11/26/2020,0.03929156
2157,11/27/2020,0.013885808
2158,11/28/2020,9.00E-05
2159,11/29/2020,0.000300625
2160,11/30/2020,0.026769155
2161,12/1/2020,0.222200478
2162,12/2/2020,0.043479149
2163,12/3/2020,0.001500671
2164,12/4/2020,0
2165,12/5/2020,0.002529067
2166,12/6/2020,4.30E-05
2167,12/7/2020,0
2168,12/8/2020,0.00513235
2169,12/9/2020,0.009275376
2170,12/10/2020,0.131716957
2171,12/11/2020,0.090225267
2172,12/12/2020,0.681207139
2173,12/13/2020,0.178150925
2174,12/14/2020,0.360319106
2175,12/15/2020,0.090798116
2176,12/16/2020,0.068060549
2177,12/17/2020,0.059577972
2178,12/18/2020,0.024187379
2179,12/19/2020,0.024432423
2180,12/20/2020,0.060178014
2181,12/21/2020,0.034783227
2182,12/22/2020,0.267415789
2183,12/23/2020,0.414077064
2184,12/24/2020,0.000947665
2185,12/25/2020,0.026140465
2186,12/26/2020,0.162377703
2187,12/27/2020,0.172427865
2188,12/28/2020,0.041089549
2189,12/29/2020,0.027871293
2190,12/30/2020,0.056376498
2191,12/31/2020,0.273067023
2192,1/1/2021,0.019006083
2193,1/2/2021,0.031088122
2194,1/3/2021,0.019796145
2195,1/4/2021,0.034634796
2196,1/5/2021,0.113844093
2197,1/6/2021,0.016384051
2198,1/7/2021,0.179566291
2199,1/8/2021,0.408031779
2200,1/9/2021,0.004803092
2201,1/10/2021,0.006713436
2202,1/11/2021,6.40E-05
2203,1/12/2021,0.033809504
2204,1/13/2021,0.036836011
2205,1/14/2021,0.054351263
2206,1/15/2021,0.015222281
2207,1/16/2021,0.118100745
2208,1/17/2021,0.241684359
2209,1/18/2021,0.411027935
2210,1/19/2021,0.032899323
2211,1/20/2021,0.000129346
2212,1/21/2021,0.018197785
2213,1/22/2021,0.171380772
2214,1/23/2021,0.001799314
2215,1/24/2021,0.024371563
2216,1/25/2021,0.017961287
2217,1/26/2021,0.03572219
2218,1/27/2021,0.056652529
2219,1/28/2021,0.059656142
2220,1/29/2021,0.169191887
2221,1/30/2021,0.498772537
2222,1/31/2021,0.021325645
2223,2/1/2021,0.000364126
2224,2/2/2021,0.031034965
2225,2/3/2021,0.343161158
2226,2/4/2021,0.253314309
2227,2/5/2021,1.240306357
2228,2/6/2021,1.841531204
2229,2/7/2021,2.177066068
2230,2/8/2021,0.722510112
2231,2/9/2021,0.382224069
2232,2/10/2021,0.205582889
2233,2/11/2021,0.359326347
2234,2/12/2021,0.152359482
2235,2/13/2021,0.181503137
2236,2/14/2021,0.099534299
2237,2/15/2021,0.310421995
2238,2/16/2021,0.667662982
2239,2/17/2021,0.40967492
2240,2/18/2021,0.209232049
2241,2/19/2021,0.234399166
2242,2/20/2021,0.128804061
2243,2/21/2021,0.042336338
2244,2/22/2021,0.03311368
2245,2/23/2021,0.296849483
2246,2/24/2021,0.40432589
2247,2/25/2021,0.056609572
2248,2/26/2021,0.312645652
2249,2/27/2021,0.334761731
2250,2/28/2021,0.117225922
2251,3/1/2021,0.011768847
2252,3/2/2021,6.38E-05
2253,3/3/2021,8.52E-05
2254,3/4/2021,2.43E-05
2255,3/5/2021,0
2256,3/6/2021,4.23E-05
2257,3/7/2021,0.00525651
2258,3/8/2021,0.087595191
2259,3/9/2021,0.566915203
2260,3/10/2021,0.014461288
2261,3/11/2021,0.013921254
2262,3/12/2021,2.85E-05
2263,3/13/2021,4.23E-05
2264,3/14/2021,0.001163113
2265,3/15/2021,0.014074103
2266,3/16/2021,0.238906515
2267,3/17/2021,0.05500254
2268,3/18/2021,4.23E-05
2269,3/19/2021,0.000106507
2270,3/20/2021,0.063251724
2271,3/21/2021,0.186437866
2272,3/22/2021,0.05142452
2273,3/23/2021,0.246286905
2274,3/24/2021,0.079790909
2275,3/25/2021,0.125434783
2276,3/26/2021,0.15272973
2277,3/27/2021,0.065824364
2278,3/28/2021,0.011660283
2279,3/29/2021,0.357810826
2280,3/30/2021,0.196604716
2281,3/31/2021,0.01141671
2282,4/1/2021,0
2283,4/2/2021,0
2284,4/3/2021,0
2285,4/4/2021,0.007519083
2286,4/5/2021,0.14476803
2287,4/6/2021,0.287997952
2288,4/7/2021,0.078968753
2289,4/8/2021,0.008150293
2290,4/9/2021,0.146048973
2291,4/10/2021,0.011279333
2292,4/11/2021,0.329137381
2293,4/12/2021,0.110156565
2294,4/13/2021,0.242510946
2295,4/14/2021,0.337824262
2296,4/15/2021,0.117582068
2297,4/16/2021,0.069043599
2298,4/17/2021,0.003252974
2299,4/18/2021,0.179314912
2300,4/19/2021,1.322406104
2301,4/20/2021,0.195633709
2302,4/21/2021,0.001994736
2303,4/22/2021,0.01163542
2304,4/23/2021,0.519953972
2305,4/24/2021,0.053002802
2306,4/25/2021,0.038379784
2307,4/26/2021,0.008916146
2308,4/27/2021,4.54E-05
2309,4/28/2021,0
2310,4/29/2021,0
2311,4/30/2021,0
2312,5/1/2021,0
2313,5/2/2021,0.00064993
2314,5/3/2021,0.02248146
2315,5/4/2021,3.04E-05
2316,5/5/2021,0.000163918
2317,5/6/2021,0
2318,5/7/2021,0
2319,5/8/2021,0.214808618
2320,5/9/2021,0.130309853
2321,5/10/2021,0.027478976
2322,5/11/2021,0.002672033
2323,5/12/2021,0.000144035
2324,5/13/2021,0
2325,5/14/2021,3.40E-05
2326,5/15/2021,0
2327,5/16/2021,0
2328,5/17/2021,0
2329,5/18/2021,0
2330,5/19/2021,0.022769319
2331,5/20/2021,0.50730122
2332,5/21/2021,1.195430657
2333,5/22/2021,0.389817451
2334,5/23/2021,0.221728714
2335,5/24/2021,0.038537067
2336,5/25/2021,4.61E-05
2337,5/26/2021,3.04E-05
2338,5/27/2021,0.091050314
2339,5/28/2021,0
2340,5/29/2021,3.63E-05
2341,5/30/2021,0
2342,5/31/2021,0
2343,6/1/2021,0
2344,6/2/2021,0
2345,6/3/2021,0
2346,6/4/2021,0
2347,6/5/2021,0
2348,6/6/2021,0
2349,6/7/2021,0
2350,6/8/2021,0
2351,6/9/2021,0
2352,6/10/2021,1.41E-05
2353,6/11/2021,7.16E-05
2354,6/12/2021,0
2355,6/13/2021,0
2356,6/14/2021,0
2357,6/15/2021,0
2358,6/16/2021,0
2359,6/17/2021,0
2360,6/18/2021,0
2361,6/19/2021,0
2362,6/20/2021,0
2363,6/21/2021,0
2364,6/22/2021,0
2365,6/23/2021,0
2366,6/24/2021,0
2367,6/25/2021,3.04E-05
2368,6/26/2021,0
2369,6/27/2021,0
2370,6/28/2021,0
2371,6/29/2021,0
2372,6/30/2021,0
2373,7/1/2021,0
2374,7/2/2021,0
2375,7/3/2021,0
2376,7/4/2021,0
2377,7/5/2021,0
2378,7/6/2021,0
2379,7/7/2021,0
2380,7/8/2021,0
2381,7/9/2021,0
2382,7/10/2021,0
2383,7/11/2021,0
2384,7/12/2021,0
2385,7/13/2021,1.86E-05
2386,7/14/2021,0
2387,7/15/2021,0
2388,7/16/2021,0
2389,7/17/2021,0
2390,7/18/2021,0
2391,7/19/2021,0
2392,7/20/2021,0
2393,7/21/2021,0
2394,7/22/2021,0
2395,7/23/2021,0
2396,7/24/2021,0
2397,7/25/2021,0
2398,7/26/2021,0
2399,7/27/2021,0
2400,7/28/2021,0
2401,7/29/2021,0
2402,7/30/2021,0
2403,7/31/2021,0
2404,8/1/2021,0
2405,8/2/2021,0
2406,8/3/2021,0
2407,8/4/2021,0
2408,8/5/2021,0
2409,8/6/2021,0
2410,8/7/2021,0
2411,8/8/2021,0
2412,8/9/2021,0
2413,8/10/2021,0
2414,8/11/2021,0
2415,8/12/2021,0
2416,8/13/2021,0
2417,8/14/2021,0
2418,8/15/2021,0
2419,8/16/2021,0
2420,8/17/2021,0
2421,8/18/2021,0
2422,8/19/2021,0
2423,8/20/2021,0
2424,8/21/2021,0
2425,8/22/2021,0
2426,8/23/2021,0
2427,8/24/2021,0
2428,8/25/2021,0
2429,8/26/2021,0
2430,8/27/2021,0
2431,8/28/2021,0
2432,8/29/2021,0
2433,8/30/2021,0
2434,8/31/2021,0
2435,9/1/2021,0
2436,9/2/2021,0
2437,9/3/2021,0
2438,9/4/2021,0
2439,9/5/2021,0
2440,9/6/2021,0
2441,9/7/2021,0
2442,9/8/2021,0
2443,9/9/2021,0
2444,9/10/2021,0
2445,9/11/2021,1.74E-05
2446,9/12/2021,0
2447,9/13/2021,0
2448,9/14/2021,0
2449,9/15/2021,0
2450,9/16/2021,7.75E-05
2451,9/17/2021,0
2452,9/18/2021,0
2453,9/19/2021,0
2454,9/20/2021,2.69E-05
2455,9/21/2021,0.000156233
2456,9/22/2021,0
2457,9/23/2021,0
2458,9/24/2021,0
2459,9/25/2021,0
2460,9/26/2021,0
2461,9/27/2021,0
2462,9/28/2021,0
2463,9/29/2021,0
2464,9/30/2021,0
2465,10/1/2021,0
2466,10/2/2021,0
2467,10/3/2021,0
2468,10/4/2021,0
2469,10/5/2021,0
2470,10/6/2021,0
2471,10/7/2021,0
2472,10/8/2021,0
2473,10/9/2021,0
2474,10/10/2021,0.062306754
2475,10/11/2021,0.647029819
2476,10/12/2021,1.123596169
2477,10/13/2021,0.916659694
2478,10/14/2021,0.091524447
2479,10/15/2021,0.080390406
2480,10/16/2021,4.35E-05
2481,10/17/2021,0
2482,10/18/2021,0
2483,10/19/2021,0
2484,10/20/2021,0
2485,10/21/2021,0.000103906
2486,10/22/2021,0
2487,10/23/2021,0
2488,10/24/2021,0.000980962
2489,10/25/2021,0
2490,10/26/2021,0.000598707
2491,10/27/2021,0.001747485
2492,10/28/2021,0.000110925
2493,10/29/2021,0.000100979
2494,10/30/2021,0.104070322
2495,10/31/2021,0.011790406
2496,11/1/2021,0.001330872
2497,11/2/2021,6.18E-05
2498,11/3/2021,0.000368418
2499,11/4/2021,4.04E-05
2500,11/5/2021,0
2501,11/6/2021,0.000255982
2502,11/7/2021,0.033546119
2503,11/8/2021,0.012667582
2504,11/9/2021,0.014466174
2505,11/10/2021,0.037736527
2506,11/11/2021,0.043051837
2507,11/12/2021,0.021239624
2508,11/13/2021,0.011049087
2509,11/14/2021,0.046984212
2510,11/15/2021,4.23E-05
2511,11/16/2021,0.006631481
2512,11/17/2021,0.045924352
2513,11/18/2021,0.005412336
2514,11/19/2021,0.105949542
2515,11/20/2021,0.081164174
2516,11/21/2021,0.000557757
2517,11/22/2021,0.016648167
2518,11/23/2021,0.068729041
2519,11/24/2021,0.473993021
2520,11/25/2021,0.038071925
2521,11/26/2021,0.004965746
2522,11/27/2021,7.60E-05
2523,11/28/2021,0
2524,11/29/2021,0.000551845
2525,11/30/2021,0.026465592
2526,12/1/2021,0
2527,12/2/2021,0
2528,12/3/2021,0.023322452
2529,12/4/2021,0.576393751
2530,12/5/2021,1.237996701
2531,12/6/2021,0.501077636
2532,12/7/2021,0.77498255
2533,12/8/2021,0.067586192
2534,12/9/2021,0.124648415
2535,12/10/2021,0.166672465
2536,12/11/2021,0.098624865
2537,12/12/2021,0.092273993
2538,12/13/2021,0.180500581
2539,12/14/2021,0.41022123
2540,12/15/2021,1.343201964
2541,12/16/2021,0.311542881
2542,12/17/2021,0.891369235
2543,12/18/2021,0.163686597
2544,12/19/2021,0.56318117
2545,12/20/2021,1.194818204
2546,12/21/2021,0.574772346
2547,12/22/2021,0.146381162
2548,12/23/2021,0.112337346
2549,12/24/2021,0.370809394
2550,12/25/2021,0.560110176
2551,12/26/2021,0.897648858
2552,12/27/2021,0.857881169
2553,12/28/2021,0.150895512
2554,12/29/2021,0.29856277
2555,12/30/2021,0.414760703
2556,12/31/2021,0.599577405
2557,1/1/2022,0.106838389
2558,1/2/2022,0.02052201
2559,1/3/2022,0.119370379
2560,1/4/2022,0.592546146
2561,1/5/2022,0.829204648
2562,1/6/2022,1.315662622
2563,1/7/2022,1.326276086
2564,1/8/2022,0.146412506
2565,1/9/2022,0.028369177
2566,1/10/2022,0.000424701
2567,1/11/2022,0.02048337
2568,1/12/2022,0.001071936
2569,1/13/2022,9.32E-05
2570,1/14/2022,0.039784341
2571,1/15/2022,0.001360594
2572,1/16/2022,0.010666109
2573,1/17/2022,7.48E-05
2574,1/18/2022,0.247693954
2575,1/19/2022,0.663812546
2576,1/20/2022,0.098208528
2577,1/21/2022,0.212629819
2578,1/22/2022,0.009389972
2579,1/23/2022,0.048901584
2580,1/24/2022,0.26929457
2581,1/25/2022,0.735023285
2582,1/26/2022,0.009983562
2583,1/27/2022,0.221502346
2584,1/28/2022,0.022317004
2585,1/29/2022,0.000114852
2586,1/30/2022,0.001627242
2587,1/31/2022,0.142478163
2588,2/1/2022,0.314891728
2589,2/2/2022,0.573198246
2590,2/3/2022,0.114762862
2591,2/4/2022,0.017841957
2592,2/5/2022,0.046858444
2593,2/6/2022,0.028655217
2594,2/7/2022,0
2595,2/8/2022,0.036674599
2596,2/9/2022,0.028052856
2597,2/10/2022,0.034941217
2598,2/11/2022,0.46630372
2599,2/12/2022,0.159390758
2600,2/13/2022,0
2601,2/14/2022,0.032444156
2602,2/15/2022,0.335546567
2603,2/16/2022,1.017458364
2604,2/17/2022,0.203110559
2605,2/18/2022,0.085346418
2606,2/19/2022,0.043692908
2607,2/20/2022,0.413506665
2608,2/21/2022,2.007222288
2609,2/22/2022,0.33452603
2610,2/23/2022,0.023524878
2611,2/24/2022,0.088269255
2612,2/25/2022,0.035266495
2613,2/26/2022,0.006226343
2614,2/27/2022,0.001973267
2615,2/28/2022,0.112350643
2616,3/1/2022,0.005723515
2617,3/2/2022,0.045782034
2618,3/3/2022,0.410196299
2619,3/4/2022,0.28289935
2620,3/5/2022,0.712214249
2621,3/6/2022,0.099798184
2622,3/7/2022,0.159209233
2623,3/8/2022,1.148172131
2624,3/9/2022,0.188699297
2625,3/10/2022,0.02660311
2626,3/11/2022,0.011634331
2627,3/12/2022,0.07603783
2628,3/13/2022,0.026106105
2629,3/14/2022,0.034578671
2630,3/15/2022,0.002038247
2631,3/16/2022,0.014250678
2632,3/17/2022,0.00396997
2633,3/18/2022,0.000407769
2634,3/19/2022,0.044138669
2635,3/20/2022,0.184268776
2636,3/21/2022,0.07039938
2637,3/22/2022,0.000279195
2638,3/23/2022,0.000379744
2639,3/24/2022,0.001262585
2640,3/25/2022,2.07E-05
2641,3/26/2022,0
2642,3/27/2022,0
2643,3/28/2022,0.002107947
2644,3/29/2022,0.136122835
2645,3/30/2022,0.044713573
2646,3/31/2022,0.054726684
2647,4/1/2022,0.040734318
2648,4/2/2022,0.014287853
2649,4/3/2022,0.055244566
2650,4/4/2022,0.025853327
2651,4/5/2022,0.131994168
2652,4/6/2022,0.175196125
2653,4/7/2022,0.006362095
2654,4/8/2022,4.49E-05
2655,4/9/2022,0.020489641
2656,4/10/2022,0.155999075
2657,4/11/2022,0.506678988
2658,4/12/2022,2.746717301
2659,4/13/2022,2.320412426
2660,4/14/2022,0.316887577
2661,4/15/2022,0.426632059
2662,4/16/2022,0.147384712
2663,4/17/2022,1.149572759
2664,4/18/2022,0.097854953
2665,4/19/2022,0.00270131
2666,4/20/2022,0.049349417
2667,4/21/2022,0.056943469
2668,4/22/2022,0.009989201
2669,4/23/2022,1.181944271
2670,4/24/2022,0.807736645
2671,4/25/2022,2.85E-05
2672,4/26/2022,0
2673,4/27/2022,6.80E-05
2674,4/28/2022,0.002359065
2675,4/29/2022,0.238043996
2676,4/30/2022,0.035326656
2677,5/1/2022,0.000801529
2678,5/2/2022,0
2679,5/3/2022,0.052202176
2680,5/4/2022,3.12E-05
2681,5/5/2022,0
2682,5/6/2022,0
2683,5/7/2022,0.004083699
2684,5/8/2022,0.012450251
2685,5/9/2022,0.338727379
2686,5/10/2022,0.019764031
2687,5/11/2022,0.001145007
2688,5/12/2022,0.006414107
2689,5/13/2022,0.001227046
2690,5/14/2022,0.001279013
2691,5/15/2022,2.67E-05
2692,5/16/2022,0
2693,5/17/2022,0
2694,5/18/2022,0
2695,5/19/2022,0.009240171
2696,5/20/2022,0.246181659
2697,5/21/2022,0.058249043
2698,5/22/2022,0.023297305
2699,5/23/2022,3.66E-05
2700,5/24/2022,0
2701,5/25/2022,0
2702,5/26/2022,0
2703,5/27/2022,2.85E-05
2704,5/28/2022,0
2705,5/29/2022,2.67E-05
2706,5/30/2022,0.072156358
2707,5/31/2022,0.004276071
2708,6/1/2022,0
2709,6/2/2022,0
2710,6/3/2022,0
2711,6/4/2022,0
2712,6/5/2022,0
2713,6/6/2022,9.19E-05
2714,6/7/2022,0
2715,6/8/2022,0
2716,6/9/2022,0
2717,6/10/2022,0
2718,6/11/2022,0
2719,6/12/2022,0
2720,6/13/2022,0
2721,6/14/2022,2.75E-05
2722,6/15/2022,0
2723,6/16/2022,0
2724,6/17/2022,0
2725,6/18/2022,0
2726,6/19/2022,0
2727,6/20/2022,0
2728,6/21/2022,0
2729,6/22/2022,0
2730,6/23/2022,0
2731,6/24/2022,0
2732,6/25/2022,0
2733,6/26/2022,0
2734,6/27/2022,0
2735,6/28/2022,0
2736,6/29/2022,0
2737,6/30/2022,0
2738,7/1/2022,0
2739,7/2/2022,0
2740,7/3/2022,0
2741,7/4/2022,0
2742,7/5/2022,8.68E-05
2743,7/6/2022,0
2744,7/7/2022,0
2745,7/8/2022,0
2746,7/9/2022,4.03E-05
2747,7/10/2022,0
2748,7/11/2022,0
2749,7/12/2022,0
2750,7/13/2022,0
2751,7/14/2022,2.61E-05
2752,7/15/2022,0
2753,7/16/2022,0
2754,7/17/2022,0
2755,7/18/2022,0
2756,7/19/2022,0
2757,7/20/2022,0
2758,7/21/2022,0
2759,7/22/2022,0
2760,7/23/2022,0
2761,7/24/2022,1.66E-05
2762,7/25/2022,0
2763,7/26/2022,0
2764,7/27/2022,0
2765,7/28/2022,0
2766,7/29/2022,0
2767,7/30/2022,0
2768,7/31/2022,0
2769,8/1/2022,0
2770,8/2/2022,0
2771,8/3/2022,0
2772,8/4/2022,0
2773,8/5/2022,0
2774,8/6/2022,0
2775,8/7/2022,0
2776,8/8/2022,0
2777,8/9/2022,0
2778,8/10/2022,0
2779,8/11/2022,0
2780,8/12/2022,0
2781,8/13/2022,0
2782,8/14/2022,0
2783,8/15/2022,0
2784,8/16/2022,0
2785,8/17/2022,0
2786,8/18/2022,0
2787,8/19/2022,0
2788,8/20/2022,0
2789,8/21/2022,0
2790,8/22/2022,0
2791,8/23/2022,0
2792,8/24/2022,0
2793,8/25/2022,0
2794,8/26/2022,1.94E-05
2795,8/27/2022,0
2796,8/28/2022,0
2797,8/29/2022,0
2798,8/30/2022,0
2799,8/31/2022,0
2800,9/1/2022,0
2801,9/2/2022,0
2802,9/3/2022,0
2803,9/4/2022,0
2804,9/5/2022,0
2805,9/6/2022,0
2806,9/7/2022,0
2807,9/8/2022,0
2808,9/9/2022,0
2809,9/10/2022,0
2810,9/11/2022,0
2811,9/12/2022,0
2812,9/13/2022,0
2813,9/14/2022,0
2814,9/15/2022,0
2815,9/16/2022,0
2816,9/17/2022,0
2817,9/18/2022,0
2818,9/19/2022,0
2819,9/20/2022,0
2820,9/21/2022,0
2821,9/22/2022,2.79E-05
2822,9/23/2022,0
2823,9/24/2022,0
2824,9/25/2022,0
2825,9/26/2022,0
2826,9/27/2022,0
2827,9/28/2022,0
2828,9/29/2022,0
2829,9/30/2022,0
2830,10/1/2022,0
2831,10/2/2022,0
2832,10/3/2022,0
2833,10/4/2022,0
2834,10/5/2022,0
2835,10/6/2022,0
2836,10/7/2022,0
2837,10/8/2022,0
2838,10/9/2022,0
2839,10/10/2022,0
2840,10/11/2022,0
2841,10/12/2022,0
2842,10/13/2022,0
2843,10/14/2022,0
2844,10/15/2022,0
2845,10/16/2022,0
2846,10/17/2022,0
2847,10/18/2022,0
2848,10/19/2022,0
2849,10/20/2022,0
2850,10/21/2022,0.002937126
2851,10/22/2022,0.050413286
2852,10/23/2022,0.832027136
2853,10/24/2022,0.747934043
2854,10/25/2022,0.026069876
2855,10/26/2022,0.0113036
2856,10/27/2022,0.017010761
2857,10/28/2022,1.67E-05
2858,10/29/2022,3.69E-05
2859,10/30/2022,6.46E-05
2860,10/31/2022,0.006542639
2861,11/1/2022,0
2862,11/2/2022,0.227022829
2863,11/3/2022,0.461504456
2864,11/4/2022,0.053877599
2865,11/5/2022,0.192395542
2866,11/6/2022,0.20279333
2867,11/7/2022,0.830155744
2868,11/8/2022,1.570095243
2869,11/9/2022,1.422722178
2870,11/10/2022,2.9320081
2871,11/11/2022,0.453250096
2872,11/12/2022,0.027931016
2873,11/13/2022,0.090318018
2874,11/14/2022,0.405776156
2875,11/15/2022,0.360589821
2876,11/16/2022,0.216548534
2877,11/17/2022,0.830767948
2878,11/18/2022,0.045505015
2879,11/19/2022,0.001232906
2880,11/20/2022,0.000119325
2881,11/21/2022,0.000657514
2882,11/22/2022,0.040831887
2883,11/23/2022,0.173247655
2884,11/24/2022,0.054761511
2885,11/25/2022,0.001611364
2886,11/26/2022,0.028067532
2887,11/27/2022,0.172798171
2888,11/28/2022,0.336135258
2889,11/29/2022,0.196811388
2890,11/30/2022,0.231363223
2891,12/1/2022,0.815566891
2892,12/2/2022,1.303775601
2893,12/3/2022,0.013279873
2894,12/4/2022,0.068171615
2895,12/5/2022,1.537435337
2896,12/6/2022,1.415588586
2897,12/7/2022,0.744499264
2898,12/8/2022,0.01539898
2899,12/9/2022,0.086169766
2900,12/10/2022,0.020229408
2901,12/11/2022,0.147732866
2902,12/12/2022,0.591856402
2903,12/13/2022,0.822288109
2904,12/14/2022,1.327035511
2905,12/15/2022,1.422578893
2906,12/16/2022,0.311322463
2907,12/17/2022,0.313430243
2908,12/18/2022,0.749579428
2909,12/19/2022,0.519194972
2910,12/20/2022,0.812860733
2911,12/21/2022,2.464670061
2912,12/22/2022,0.144318978
2913,12/23/2022,0.143135777
2914,12/24/2022,0.500121196
2915,12/25/2022,0.061498823
2916,12/26/2022,0.005204835
2917,12/27/2022,0.002100155
2918,12/28/2022,0.127162319
2919,12/29/2022,0.126270139
2920,12/30/2022,0.061453407
2921,12/31/2022,0.192527068
2922,1/1/2023,0.02604028
2923,1/2/2023,0.000236011
2924,1/3/2023,0.003614802
2925,1/4/2023,0.021245391
2926,1/5/2023,0.016208652
2927,1/6/2023,0.115152833
2928,1/7/2023,0.017506967
2929,1/8/2023,0.008949165
2930,1/9/2023,0.053823796
2931,1/10/2023,0.173897773
2932,1/11/2023,0.046547004
2933,1/12/2023,0.020096289
2934,1/13/2023,0.010764275
2935,1/14/2023,0.006651357
2936,1/15/2023,0.01419178
2937,1/16/2023,0.337008594
2938,1/17/2023,0.319491277
2939,1/18/2023,0.069621569
2940,1/19/2023,0.063698869
2941,1/20/2023,0.025087076
2942,1/21/2023,0.030226931
2943,1/22/2023,0.064325014
2944,1/23/2023,0.282489793
2945,1/24/2023,0.055578717
2946,1/25/2023,0.426357825
2947,1/26/2023,0.112265072
2948,1/27/2023,0.781457839
2949,1/28/2023,1.725289736
2950,1/29/2023,0.272822199
2951,1/30/2023,0.03129636
2952,1/31/2023,0.171653905
2953,2/1/2023,0.216469979
2954,2/2/2023,0.08884316
2955,2/3/2023,0.000264156
2956,2/4/2023,0.00100635
2957,2/5/2023,0.005374995
2958,2/6/2023,0.025758248
2959,2/7/2023,0.007746656
2960,2/8/2023,0.085511458
2961,2/9/2023,0.070822068
2962,2/10/2023,0.000123746
2963,2/11/2023,0.000110173
2964,2/12/2023,6.35E-05
2965,2/13/2023,0.050610025
2966,2/14/2023,1.5156615
2967,2/15/2023,0.373851778
2968,2/16/2023,0.00968494
2969,2/17/2023,0.008091771
2970,2/18/2023,0.071599174
2971,2/19/2023,0.197019861
2972,2/20/2023,0.924221188
2973,2/21/2023,2.141612824
2974,2/22/2023,1.191287457
2975,2/23/2023,0.672733335
2976,2/24/2023,0.102147544
2977,2/25/2023,0.054770824
2978,2/26/2023,0.017153573
2979,2/27/2023,0.162082283
2980,2/28/2023,0.386324423
2981,3/1/2023,0.359826311
2982,3/2/2023,0.090441784
2983,3/3/2023,0.123209166
2984,3/4/2023,0.074200399
2985,3/5/2023,0.292554845
2986,3/6/2023,1.007738501
2987,3/7/2023,0.745597931
2988,3/8/2023,0.160673599
2989,3/9/2023,0.884052439
2990,3/10/2023,0.69135558
2991,3/11/2023,1.885221099
2992,3/12/2023,0.129562222
2993,3/13/2023,0.003193919
2994,3/14/2023,0.053727501
2995,3/15/2023,1.256290496
2996,3/16/2023,0.836612982
2997,3/17/2023,0.025420021
2998,3/18/2023,4.17E-05
2999,3/19/2023,0.006303507
3000,3/20/2023,0.073362863
3001,3/21/2023,0.529654653
3002,3/22/2023,0.094512138
3003,3/23/2023,0.01563862
3004,3/24/2023,0.122926047
3005,3/25/2023,1.434484139
3006,3/26/2023,0.892995233
3007,3/27/2023,0.699298514
3008,3/28/2023,0.120601571
3009,3/29/2023,0.075384702
3010,3/30/2023,0.437027911
3011,3/31/2023,0.338742661
3012,4/1/2023,0.063810891
3013,4/2/2023,0.30085204
3014,4/3/2023,0.094723151
3015,4/4/2023,0.379952292
3016,4/5/2023,0.188877142
3017,4/6/2023,0.084315624
3018,4/7/2023,0.00354996
3019,4/8/2023,0
3020,4/9/2023,0
3021,4/10/2023,0
3022,4/11/2023,0.023151099
3023,4/12/2023,0.061086477
3024,4/13/2023,0.620627759
3025,4/14/2023,0.501685469
3026,4/15/2023,0.033742453
3027,4/16/2023,9.70E-05
3028,4/17/2023,0.073413692
3029,4/18/2023,0.139399759
3030,4/19/2023,1.074647963
3031,4/20/2023,0.522548808
3032,4/21/2023,0.291181688
3033,4/22/2023,0.086901537
3034,4/23/2023,0.000863395
3035,4/24/2023,0.001516766
3036,4/25/2023,0.045484575
3037,4/26/2023,0
3038,4/27/2023,0.019162188
3039,4/28/2023,0.112387966
3040,4/29/2023,0
3041,4/30/2023,0
3042,5/1/2023,0
3043,5/2/2023,0
3044,5/3/2023,0
3045,5/4/2023,0
3046,5/5/2023,7.37E-05
3047,5/6/2023,3.95E-05
3048,5/7/2023,0.013936578
3049,5/8/2023,0.000535188
3050,5/9/2023,0
3051,5/10/2023,9.63E-05
3052,5/11/2023,0
3053,5/12/2023,0
3054,5/13/2023,0
3055,5/14/2023,0
3056,5/15/2023,0
3057,5/16/2023,0
3058,5/17/2023,0
3059,5/18/2023,0
3060,5/19/2023,0
3061,5/20/2023,0
3062,5/21/2023,0
3063,5/22/2023,0
3064,5/23/2023,0
3065,5/24/2023,8.69E-05
3066,5/25/2023,8.69E-05
3067,5/26/2023,0
3068,5/27/2023,0.000147899
3069,5/28/2023,0
3070,5/29/2023,7.00E-05
3071,5/30/2023,0
3072,5/31/2023,1.66E-05
3073,6/1/2023,3.09E-05
3074,6/2/2023,0
3075,6/3/2023,0
3076,6/4/2023,0
3077,6/5/2023,0
3078,6/6/2023,0
3079,6/7/2023,0
3080,6/8/2023,0
3081,6/9/2023,0
3082,6/10/2023,0
3083,6/11/2023,0
3084,6/12/2023,0
3085,6/13/2023,0
3086,6/14/2023,0
3087,6/15/2023,0
3088,6/16/2023,0
3089,6/17/2023,0
3090,6/18/2023,0
3091,6/19/2023,0
3092,6/20/2023,0
3093,6/21/2023,0
3094,6/22/2023,0
3095,6/23/2023,0
3096,6/24/2023,0
3097,6/25/2023,0
3098,6/26/2023,0
3099,6/27/2023,0
3100,6/28/2023,0
3101,6/29/2023,0
3102,6/30/2023,0
3103,7/1/2023,0
3104,7/2/2023,0
3105,7/3/2023,0
3106,7/4/2023,0
3107,7/5/2023,0
3108,7/6/2023,0
3109,7/7/2023,0
3110,7/8/2023,0
3111,7/9/2023,0
3112,7/10/2023,0
3113,7/11/2023,0
3114,7/12/2023,0
3115,7/13/2023,0
3116,7/14/2023,0
3117,7/15/2023,0
3118,7/16/2023,0
3119,7/17/2023,0
3120,7/18/2023,0
3121,7/19/2023,0
3122,7/20/2023,0
3123,7/21/2023,0
3124,7/22/2023,0
3125,7/23/2023,0
3126,7/24/2023,0
3127,7/25/2023,0
3128,7/26/2023,0
3129,7/27/2023,0
3130,7/28/2023,0
3131,7/29/2023,0
3132,7/30/2023,0
3133,7/31/2023,0
3134,8/1/2023,0
3135,8/2/2023,0
3136,8/3/2023,0
3137,8/4/2023,0
3138,8/5/2023,0
3139,8/6/2023,0
3140,8/7/2023,0
3141,8/8/2023,1.89E-05
3142,8/9/2023,0
3143,8/10/2023,0
3144,8/11/2023,0
3145,8/12/2023,0
3146,8/13/2023,0
3147,8/14/2023,0
3148,8/15/2023,0
3149,8/16/2023,0
3150,8/17/2023,0
3151,8/18/2023,0
3152,8/19/2023,0
3153,8/20/2023,0
3154,8/21/2023,0
3155,8/22/2023,0
3156,8/23/2023,0
3157,8/24/2023,0
3158,8/25/2023,0
3159,8/26/2023,0
3160,8/27/2023,0
3161,8/28/2023,0
3162,8/29/2023,0
3163,8/30/2023,0
3164,8/31/2023,0
3165,9/1/2023,0
3166,9/2/2023,0
3167,9/3/2023,0
3168,9/4/2023,0
3169,9/5/2023,0
3170,9/6/2023,0
3171,9/7/2023,0
3172,9/8/2023,0
3173,9/9/2023,0
3174,9/10/2023,0
3175,9/11/2023,0
3176,9/12/2023,0
3177,9/13/2023,0
3178,9/14/2023,0
3179,9/15/2023,0
3180,9/16/2023,0
3181,9/17/2023,0
3182,9/18/2023,0
3183,9/19/2023,0
3184,9/20/2023,0
3185,9/21/2023,0
3186,9/22/2023,0
3187,9/23/2023,0
3188,9/24/2023,0
3189,9/25/2023,0
3190,9/26/2023,0
3191,9/27/2023,0
3192,9/28/2023,0
3193,9/29/2023,0
3194,9/30/2023,0
3195,10/1/2023,0
3196,10/2/2023,0
3197,10/3/2023,0
3198,10/4/2023,0
3199,10/5/2023,0
3200,10/6/2023,0
3201,10/7/2023,0
3202,10/8/2023,0
3203,10/9/2023,0
3204,10/10/2023,0
3205,10/11/2023,0
3206,10/12/2023,0.025135612
3207,10/13/2023,0.004189269
3208,10/14/2023,0
3209,10/15/2023,0
3210,10/16/2023,0
3211,10/17/2023,0
3212,10/18/2023,0
3213,10/19/2023,0
3214,10/20/2023,0
3215,10/21/2023,0
3216,10/22/2023,0
3217,10/23/2023,0.123234838
3218,10/24/2023,0.206005864
3219,10/25/2023,3.023767062
3220,10/26/2023,3.294027886
3221,10/27/2023,1.174468663
3222,10/28/2023,0.154805827
3223,10/29/2023,0.035182895
3224,10/30/2023,0.033831831
3225,10/31/2023,3.23E-05
3226,11/1/2023,0.00014288
3227,11/2/2023,0.047193364
3228,11/3/2023,0.001934811
3229,11/4/2023,6.54E-05
3230,11/5/2023,4.50E-05
3231,11/6/2023,2.36E-05
3232,11/7/2023,0.016292072
3233,11/8/2023,0.015431333
3234,11/9/2023,0.009238049
3235,11/10/2023,0.01670172
3236,11/11/2023,0.000170748
3237,11/12/2023,4.04E-05
3238,11/13/2023,0
3239,11/14/2023,0.000635192
3240,11/15/2023,0.02955688
3241,11/16/2023,0.346675698
3242,11/17/2023,0.000660678
3243,11/18/2023,0
3244,11/19/2023,0.001811068
3245,11/20/2023,0.004315436
3246,11/21/2023,3.24E-05
3247,11/22/2023,0.034496436
3248,11/23/2023,0.10837047
3249,11/24/2023,0.178677586
3250,11/25/2023,0.010637394
3251,11/26/2023,0.00655611
3252,11/27/2023,0.017325841
3253,11/28/2023,0
3254,11/29/2023,0
3255,11/30/2023,0.020659558
3256,12/1/2023,0.154226414
3257,12/2/2023,0.199595209
3258,12/3/2023,0.22397127
3259,12/4/2023,0.071292768
3260,12/5/2023,0.000184628
3261,12/6/2023,3.11E-05
3262,12/7/2023,0.044360576
3263,12/8/2023,0.391984944
3264,12/9/2023,0.183121475
3265,12/10/2023,0.275832328
3266,12/11/2023,0.099655871
3267,12/12/2023,0.036215347
3268,12/13/2023,0.001535362
3269,12/14/2023,0.005081534
3270,12/15/2023,0.002193433
3271,12/16/2023,0.00011055
3272,12/17/2023,0.000543004
3273,12/18/2023,2.59E-05
3274,12/19/2023,0.023721062
3275,12/20/2023,0.000867156
3276,12/21/2023,0.018420693
3277,12/22/2023,0
3278,12/23/2023,0.304310625
3279,12/24/2023,0.273124083
3280,12/25/2023,0.008375367
3281,12/26/2023,0.006824033
3282,12/27/2023,0.015553273
3283,12/28/2023,0
3284,12/29/2023,2.59E-05
3285,12/30/2023,0.001090011
3286,12/31/2023,0.004603158
3287,1/1/2024,0.023049357
3288,1/2/2024,0.000366691
3289,1/3/2024,0.001840052
3290,1/4/2024,0.098345889
3291,1/5/2024,0.041817141
3292,1/6/2024,0.111871344
3293,1/7/2024,0.583805237
3294,1/8/2024,0.451364266
3295,1/9/2024,0.385367623
3296,1/10/2024,0.442421141
3297,1/11/2024,0.761266031
3298,1/12/2024,1.130411341
3299,1/13/2024,0.0976492
3300,1/14/2024,0.123749406
3301,1/15/2024,0.28758362
3302,1/16/2024,0.145251397
3303,1/17/2024,1.391484418
3304,1/18/2024,2.664999974
3305,1/19/2024,0.069897289
3306,1/20/2024,0.068296312
3307,1/21/2024,0.084732276
3308,1/22/2024,0.029745144
3309,1/23/2024,0.001706455
3310,1/24/2024,0.000229365
3311,1/25/2024,0.001183923
3312,1/26/2024,0.002577789
3313,1/27/2024,0.000683413
3314,1/28/2024,0
3315,1/29/2024,2.02E-05
3316,1/30/2024,0
3317,1/31/2024,0
3318,2/1/2024,0
3319,2/2/2024,0.002544055
3320,2/3/2024,0.114132811
3321,2/4/2024,1.272238839
3322,2/5/2024,0.252671077
3323,2/6/2024,0.232918408
3324,2/7/2024,0.821154011
3325,2/8/2024,1.478262711
3326,2/9/2024,0.656794827
3327,2/10/2024,0.33137226
3328,2/11/2024,0.040266614
3329,2/12/2024,0.287457277
3330,2/13/2024,0.280052064
3331,2/14/2024,0.87802396
3332,2/15/2024,0.885021338
3333,2/16/2024,0.653653195
3334,2/17/2024,0.01195797
3335,2/18/2024,0.019453956
3336,2/19/2024,0.071787804
3337,2/20/2024,0.032810992
3338,2/21/2024,0.000378034
3339,2/22/2024,0.001479708
3340,2/23/2024,9.78E-05
3341,2/24/2024,0.001120156
3342,2/25/2024,0.040730178
3343,2/26/2024,0.281528894
3344,2/27/2024,1.146887046
3345,2/28/2024,0.245013253
3346,2/29/2024,0.01533023
3347,3/1/2024,0.370070295
3348,3/2/2024,0.422973936
3349,3/3/2024,1.169362262
3350,3/4/2024,0.184706532
3351,3/5/2024,0.159728502
3352,3/6/2024,0.385642432
3353,3/7/2024,0.026346648
3354,3/8/2024,0.001229665
3355,3/9/2024,0
3356,3/10/2024,0.000553481
3357,3/11/2024,0.011218513
3358,3/12/2024,0.066093889
3359,3/13/2024,0.185368089
3360,3/14/2024,0.079394441
3361,3/15/2024,0.00012935
3362,3/16/2024,0
3363,3/17/2024,0
3364,3/18/2024,0
3365,3/19/2024,0
3366,3/20/2024,0.086631252
3367,3/21/2024,0.546782299
3368,3/22/2024,0.660242164
3369,3/23/2024,0.724935207
3370,3/24/2024,2.363977651
3371,3/25/2024,0.723148394
3372,3/26/2024,0.086113281
3373,3/27/2024,0.059590068
3374,3/28/2024,0.064294547
3375,3/29/2024,0.264913244
3376,3/30/2024,0.054639835
3377,3/31/2024,0.189603468
3378,4/1/2024,0.116723714
3379,4/2/2024,0
3380,4/3/2024,0
3381,4/4/2024,1.00E-04
3382,4/5/2024,0.029771624
3383,4/6/2024,0.373910123
3384,4/7/2024,0.563269138
3385,4/8/2024,0.072579309
3386,4/9/2024,0.000162288
3387,4/10/2024,0.028042603
3388,4/11/2024,7.75E-05
3389,4/12/2024,0
3390,4/13/2024,0
3391,4/14/2024,0
3392,4/15/2024,0
3393,4/16/2024,0.029131108
3394,4/17/2024,0.485364646
3395,4/18/2024,0.101413404
3396,4/19/2024,0.010101319
3397,4/20/2024,0.000401288
3398,4/21/2024,0.000108221
3399,4/22/2024,0
3400,4/23/2024,0
3401,4/24/2024,0
3402,4/25/2024,3.27E-05
3403,4/26/2024,0.002311807
3404,4/27/2024,4.93E-05
3405,4/28/2024,4.23E-05
3406,4/29/2024,0.001515401
3407,4/30/2024,0.089822033
3408,5/1/2024,0.086294856
3409,5/2/2024,0.0613371
3410,5/3/2024,0.078615679
3411,5/4/2024,0.002464069
3412,5/5/2024,0
3413,5/6/2024,8.16E-05
3414,5/7/2024,0.0537345
3415,5/8/2024,0.475074224
3416,5/9/2024,0.177482596
3417,5/10/2024,6.92E-05
3418,5/11/2024,0
3419,5/12/2024,0
3420,5/13/2024,3.12E-05
3421,5/14/2024,0
3422,5/15/2024,0
3423,5/16/2024,0
3424,5/17/2024,3.75E-05
3425,5/18/2024,0.000417151
3426,5/19/2024,0.005321293
3427,5/20/2024,0.002759349
3428,5/21/2024,0.005723938
3429,5/22/2024,0.007223769
3430,5/23/2024,0.426518762
3431,5/24/2024,0.160414745
3432,5/25/2024,3.24E-05
3433,5/26/2024,0
3434,5/27/2024,2.60E-05
3435,5/28/2024,0
3436,5/29/2024,0
3437,5/30/2024,0.002636617
3438,5/31/2024,0.000648322
3439,6/1/2024,0
3440,6/2/2024,0
3441,6/3/2024,0
3442,6/4/2024,0
3443,6/5/2024,0
3444,6/6/2024,0
3445,6/7/2024,0
3446,6/8/2024,0
3447,6/9/2024,0
3448,6/10/2024,0
3449,6/11/2024,0
3450,6/12/2024,0
3451,6/13/2024,0
3452,6/14/2024,0
3453,6/15/2024,0
3454,6/16/2024,0
3455,6/17/2024,0.00958176
3456,6/18/2024,0.022289992
3457,6/19/2024,4.22E-05
3458,6/20/2024,0
3459,6/21/2024,0
3460,6/22/2024,0
3461,6/23/2024,1.69E-05
3462,6/24/2024,2.07E-05
3463,6/25/2024,0
3464,6/26/2024,0
3465,6/27/2024,0
3466,6/28/2024,0
3467,6/29/2024,0
3468,6/30/2024,0
3469,7/1/2024,0
3470,7/2/2024,0
3471,7/3/2024,0.000152134
3472,7/4/2024,4.82E-05
3473,7/5/2024,0
3474,7/6/2024,0
3475,7/7/2024,0
3476,7/8/2024,0
3477,7/9/2024,0
3478,7/10/2024,0
3479,7/11/2024,0
3480,7/12/2024,0
3481,7/13/2024,0
3482,7/14/2024,0
3483,7/15/2024,0
3484,7/16/2024,0
3485,7/17/2024,0
3486,7/18/2024,0
3487,7/19/2024,0
3488,7/20/2024,0
3489,7/21/2024,0
3490,7/22/2024,0
3491,7/23/2024,0
3492,7/24/2024,0
3493,7/25/2024,0
3494,7/26/2024,0
3495,7/27/2024,0
3496,7/28/2024,0
3497,7/29/2024,0
3498,7/30/2024,0
3499,7/31/2024,0
3500,8/1/2024,0
3501,8/2/2024,0
3502,8/3/2024,0
3503,8/4/2024,0
3504,8/5/2024,0
3505,8/6/2024,1.69E-05
3506,8/7/2024,0
3507,8/8/2024,0
3508,8/9/2024,0
3509,8/10/2024,0
3510,8/11/2024,0
3511,8/12/2024,0
3512,8/13/2024,0
3513,8/14/2024,0
3514,8/15/2024,0
3515,8/16/2024,0
3516,8/17/2024,0
3517,8/18/2024,0
3518,8/19/2024,0
3519,8/20/2024,0
3520,8/21/2024,0
3521,8/22/2024,0
3522,8/23/2024,0
3523,8/24/2024,0
3524,8/25/2024,0
3525,8/26/2024,0
3526,8/27/2024,0
3527,8/28/2024,0
3528,8/29/2024,0
3529,8/30/2024,0
3530,8/31/2024,0
3531,9/1/2024,0
3532,9/2/2024,0
3533,9/3/2024,0
3534,9/4/2024,0
3535,9/5/2024,0
3536,9/6/2024,0
3537,9/7/2024,0
3538,9/8/2024,0
3539,9/9/2024,0
3540,9/10/2024,0
3541,9/11/2024,0
3542,9/12/2024,6.98E-05
3543,9/13/2024,0
3544,9/14/2024,0
3545,9/15/2024,0
3546,9/16/2024,0
3547,9/17/2024,0
3548,9/18/2024,0
3549,9/19/2024,0
3550,9/20/2024,0
3551,9/21/2024,0
3552,9/22/2024,0
3553,9/23/2024,0
3554,9/24/2024,0
3555,9/25/2024,0
3556,9/26/2024,0
3557,9/27/2024,0
3558,9/28/2024,0
3559,9/29/2024,0
3560,9/30/2024,0
3561,10/1/2024,0
3562,10/2/2024,0
3563,10/3/2024,0
3564,10/4/2024,0
3565,10/5/2024,0
3566,10/6/2024,0
3567,10/7/2024,0
3568,10/8/2024,0
3569,10/9/2024,0
3570,10/10/2024,0
3571,10/11/2024,0
3572,10/12/2024,0
3573,10/13/2024,0
3574,10/14/2024,0
3575,10/15/2024,0
3576,10/16/2024,0.003876841
3577,10/17/2024,0.049870487
3578,10/18/2024,0.092152241
3579,10/19/2024,0.003959794
3580,10/20/2024,0
3581,10/21/2024,6.76E-05
3582,10/22/2024,0.000225557
3583,10/23/2024,0
3584,10/24/2024,0
3585,10/25/2024,0
3586,10/26/2024,0
3587,10/27/2024,0
3588,10/28/2024,5.16E-05
3589,10/29/2024,0.041667916
3590,10/30/2024,0.002730015
3591,10/31/2024,0.019160781
3592,11/1/2024,0.056277602
3593,11/2/2024,0.010067552
3594,11/3/2024,0.076115183
3595,11/4/2024,0.015641532
3596,11/5/2024,0.143334855
3597,11/6/2024,0.476951875
3598,11/7/2024,0.00197543
3599,11/8/2024,0.009007724
3600,11/9/2024,0
3601,11/10/2024,0
3602,11/11/2024,0.006381127
3603,11/12/2024,0.019625872
3604,11/13/2024,0.018044754
3605,11/14/2024,0.015704593
3606,11/15/2024,0.041891995
3607,11/16/2024,0.386514036
3608,11/17/2024,0.171588858
3609,11/18/2024,0.299912514
3610,11/19/2024,0.356259871
3611,11/20/2024,0.071913172
3612,11/21/2024,0.151037809
3613,11/22/2024,0.308222953
3614,11/23/2024,0.76114272
3615,11/24/2024,0.641289103
3616,11/25/2024,0.221971866
3617,11/26/2024,0.126065055
3618,11/27/2024,0.083539653
3619,11/28/2024,0.296860228
3620,11/29/2024,0.039214464
3621,11/30/2024,0.0595921
3622,12/1/2024,0.009223233
3623,12/2/2024,0.004716373
3624,12/3/2024,0.001141672
3625,12/4/2024,0.002671437
3626,12/5/2024,0.003367213
3627,12/6/2024,0.010565293
3628,12/7/2024,0.005212159
3629,12/8/2024,0.08558422
3630,12/9/2024,0.563840544
3631,12/10/2024,0.218799072
3632,12/11/2024,0.273005204
3633,12/12/2024,0.091754678
3634,12/13/2024,0.026163068
3635,12/14/2024,0.048648065
3636,12/15/2024,0.238263936
3637,12/16/2024,0.169387703
3638,12/17/2024,0.355134271
3639,12/18/2024,0.270860945
3640,12/19/2024,0.055430211
3641,12/20/2024,0.000328112
3642,12/21/2024,0.004318487
3643,12/22/2024,0.005256301
3644,12/23/2024,0.016341528
3645,12/24/2024,0.003624284
3646,12/25/2024,0.013803336
3647,12/26/2024,0.090939279
3648,12/27/2024,0.07891468
3649,12/28/2024,0.122402709
3650,12/29/2024,0.16272495
3651,12/30/2024,1.119694925
3652,12/31/2024,0.475893239
3653,1/1/2025,0.13660419
3654,1/2/2025,0.330891535
3655,1/3/2025,0.903169174
3656,1/4/2025,2.563703101
3657,1/5/2025,0.869911421
3658,1/6/2025,0.594159334
3659,1/7/2025,0.328594534
3660,1/8/2025,0.202513657
3661,1/9/2025,0.408332996
3662,1/10/2025,0.01974594
3663,1/11/2025,0.406291132
3664,1/12/2025,0.931845053
3665,1/13/2025,0.320743411
3666,1/14/2025,0.021008144
3667,1/15/2025,0
3668,1/16/2025,0.000739276
3669,1/17/2025,0.359853461
3670,1/18/2025,0.471853996
3671,1/19/2025,0.191260815
3672,1/20/2025,0.117420374
3673,1/21/2025,0.021217789
3674,1/22/2025,0.289164665
3675,1/23/2025,0.297681269
3676,1/24/2025,0.560771083
3677,1/25/2025,0.231471456
3678,1/26/2025,0.000218549
3679,1/27/2025,0
3680,1/28/2025,0
3681,1/29/2025,4.20E-05
3682,1/30/2025,0.018835563
3683,1/31/2025,0.03659582
