Date,U_Wind
2015-01-01,14.223876953125
2015-01-02,9.773323059082031
2015-01-03,4.295074462890625
2015-01-04,1.9034042358398438
2015-01-05,10.159530639648438
2015-01-06,18.202484130859375
2015-01-07,17.21788787841797
2015-01-08,22.299949645996094
2015-01-09,28.58636474609375
2015-01-10,42.363739013671875
2015-01-11,37.349159240722656
2015-01-12,33.97355651855469
2015-01-13,27.339523315429688
2015-01-14,22.634552001953125
2015-01-15,21.473846435546875
2015-01-16,20.371307373046875
2015-01-17,23.941123962402344
2015-01-18,27.391098022460938
2015-01-19,31.81481170654297
2015-01-20,37.707298278808594
2015-01-21,41.18388366699219
2015-01-22,35.587989807128906
2015-01-23,25.11615753173828
2015-01-24,19.92547607421875
2015-01-25,18.25299835205078
2015-01-26,9.368888854980469
2015-01-27,9.825698852539062
2015-01-28,6.369209289550781
2015-01-29,12.820114135742188
2015-01-30,13.811691284179688
2015-01-31,18.669464111328125
2015-02-01,25.99573516845703
2015-02-02,26.486778259277344
2015-02-03,21.80677032470703
2015-02-04,16.975624084472656
2015-02-05,17.068824768066406
2015-02-06,16.282684326171875
2015-02-07,16.19799041748047
2015-02-08,14.513771057128906
2015-02-09,16.17919158935547
2015-02-10,23.98614501953125
2015-02-11,32.403053283691406
2015-02-12,35.23876190185547
2015-02-13,39.27056884765625
2015-02-14,34.88072204589844
2015-02-15,33.276756286621094
2015-02-16,32.71635437011719
2015-02-17,30.468666076660156
2015-02-18,28.58843231201172
2015-02-19,35.91102600097656
2015-02-20,37.97418975830078
2015-02-21,41.52845764160156
2015-02-22,40.20152282714844
2015-02-23,40.09173583984375
2015-02-24,39.18232727050781
2015-02-25,39.08539581298828
2015-02-26,40.916656494140625
2015-02-27,40.169525146484375
2015-02-28,41.65592956542969
2015-03-01,38.954444885253906
2015-03-02,35.133995056152344
2015-03-03,32.755714416503906
2015-03-04,32.603309631347656
2015-03-05,32.1533203125
2015-03-06,32.16346740722656
2015-03-07,35.50946807861328
2015-03-08,38.28260040283203
2015-03-09,42.70381164550781
2015-03-10,46.02684020996094
2015-03-11,45.83190155029297
2015-03-12,43.24560546875
2015-03-13,43.13916778564453
2015-03-14,38.93357849121094
2015-03-15,37.42518615722656
2015-03-16,31.53748321533203
2015-03-17,29.31884002685547
2015-03-18,29.759246826171875
2015-03-19,26.72486114501953
2015-03-20,22.328842163085938
2015-03-21,19.210556030273438
2015-03-22,17.701156616210938
2015-03-23,17.265640258789062
2015-03-24,10.674720764160156
2015-03-25,3.2767410278320312
2015-03-26,-0.3985595703125
2015-03-27,0.8205718994140625
2015-03-28,3.3347244262695312
2015-03-29,4.524810791015625
2015-03-30,6.696159362792969
2015-03-31,5.387580871582031
2015-04-01,0.5615005493164062
2015-04-02,-3.228240966796875
2015-04-03,-4.5630035400390625
2015-04-04,-9.444877624511719
2015-04-05,-15.385498046875
2015-04-06,-18.452774047851562
2015-04-07,-17.442962646484375
2015-04-08,-20.8262939453125
2015-04-09,-23.13250732421875
2015-04-10,-18.608230590820312
2015-04-11,-15.258987426757812
2015-04-12,-13.545997619628906
2015-04-13,-14.705978393554688
2015-04-14,-17.106231689453125
2015-04-15,-16.652114868164062
2015-04-16,-16.510421752929688
2015-04-17,-16.780311584472656
2015-04-18,-16.20600128173828
2015-04-19,-16.933349609375
2015-04-20,-17.578948974609375
2015-04-21,-17.18384552001953
2015-04-22,-17.03594207763672
2015-04-23,-16.905380249023438
2015-04-24,-16.826637268066406
2015-04-25,-17.262374877929688
2015-04-26,-15.935256958007812
2015-04-27,-14.394912719726562
2015-04-28,-13.72882080078125
2015-04-29,-13.737663269042969
2015-04-30,-14.211997985839844
2015-05-01,-14.686996459960938
2015-05-02,-14.524627685546875
2015-05-03,-14.414588928222656
2015-05-04,-13.816497802734375
2015-05-05,-13.573463439941406
2015-05-06,-13.486381530761719
2015-05-07,-13.274627685546875
2015-05-08,-12.604408264160156
2015-05-09,-12.490196228027344
2015-05-10,-11.912864685058594
2015-05-11,-11.10894775390625
2015-05-12,-11.096878051757812
2015-05-13,-11.25848388671875
2015-05-14,-11.638710021972656
2015-05-15,-11.727142333984375
2015-05-16,-12.041793823242188
2015-05-17,-12.402435302734375
2015-05-18,-12.474838256835938
2015-05-19,-12.619049072265625
2015-05-20,-12.794303894042969
2015-05-21,-12.870086669921875
2015-05-22,-12.810447692871094
2015-05-23,-12.4132080078125
2015-05-24,-12.537322998046875
2015-05-25,-12.623580932617188
2015-05-26,-12.558311462402344
2015-05-27,-12.827407836914062
2015-05-28,-12.914154052734375
2015-05-29,-12.807815551757812
2015-05-30,-12.812606811523438
2015-05-31,-13.088676452636719
2015-06-01,-13.351531982421875
2015-06-02,-13.316398620605469
2015-06-03,-13.127403259277344
2015-06-04,-12.811820983886719
2015-06-05,-12.695480346679688
2015-06-06,-12.709564208984375
2015-06-07,-12.422920227050781
2015-06-08,-12.192329406738281
2015-06-09,-12.382591247558594
2015-06-10,-12.459854125976562
2015-06-11,-12.699653625488281
2015-06-12,-12.761634826660156
2015-06-13,-12.705718994140625
2015-06-14,-12.852935791015625
2015-06-15,-13.053939819335938
2015-06-16,-12.686470031738281
2015-06-17,-12.355636596679688
2015-06-18,-12.161064147949219
2015-06-19,-12.269752502441406
2015-06-20,-12.35076904296875
2015-06-21,-12.097671508789062
2015-06-22,-12.10565185546875
2015-06-23,-11.984832763671875
2015-06-24,-12.018463134765625
2015-06-25,-11.944869995117188
2015-06-26,-11.973526000976562
2015-06-27,-11.727287292480469
2015-06-28,-11.747970581054688
2015-06-29,-11.637886047363281
2015-06-30,-11.630302429199219
2015-07-01,-11.484283447265625
2015-07-02,-11.475517272949219
2015-07-03,-11.760566711425781
2015-07-04,-11.819419860839844
2015-07-05,-11.953880310058594
2015-07-06,-12.074996948242188
2015-07-07,-12.030441284179688
2015-07-08,-12.005699157714844
2015-07-09,-11.972938537597656
2015-07-10,-11.835739135742188
2015-07-11,-11.695388793945312
2015-07-12,-11.576431274414062
2015-07-13,-11.313079833984375
2015-07-14,-11.11407470703125
2015-07-15,-10.873329162597656
2015-07-16,-10.9127197265625
2015-07-17,-10.7525634765625
2015-07-18,-10.296981811523438
2015-07-19,-10.023208618164062
2015-07-20,-9.742446899414062
2015-07-21,-9.509979248046875
2015-07-22,-9.133697509765625
2015-07-23,-8.962432861328125
2015-07-24,-8.427497863769531
2015-07-25,-8.223564147949219
2015-07-26,-8.228591918945312
2015-07-27,-8.031707763671875
2015-07-28,-8.116142272949219
2015-07-29,-7.98834228515625
2015-07-30,-7.9954833984375
2015-07-31,-7.711639404296875
2015-08-01,-7.5258941650390625
2015-08-02,-7.1824188232421875
2015-08-03,-6.8679656982421875
2015-08-04,-6.587799072265625
2015-08-05,-6.101226806640625
2015-08-06,-5.606048583984375
2015-08-07,-4.9935760498046875
2015-08-08,-4.391975402832031
2015-08-09,-3.8826446533203125
2015-08-10,-3.2314224243164062
2015-08-11,-3.028961181640625
2015-08-12,-2.830780029296875
2015-08-13,-2.5412445068359375
2015-08-14,-2.560546875
2015-08-15,-2.366546630859375
2015-08-16,-2.1078033447265625
2015-08-17,-1.4382400512695312
2015-08-18,-0.8185806274414062
2015-08-19,-0.35128021240234375
2015-08-20,0.0401611328125
2015-08-21,0.3393096923828125
2015-08-22,0.5407180786132812
2015-08-23,0.70166015625
2015-08-24,0.8258819580078125
2015-08-25,1.2545013427734375
2015-08-26,1.6981353759765625
2015-08-27,1.995880126953125
2015-08-28,2.20074462890625
2015-08-29,2.3665847778320312
2015-08-30,2.6121292114257812
2015-08-31,2.476318359375
2015-09-01,2.6718521118164062
2015-09-02,3.3635406494140625
2015-09-03,3.7839279174804688
2015-09-04,4.313201904296875
2015-09-05,4.8113250732421875
2015-09-06,5.557899475097656
2015-09-07,6.457847595214844
2015-09-08,7.308135986328125
2015-09-09,7.825508117675781
2015-09-10,9.018669128417969
2015-09-11,9.900688171386719
2015-09-12,10.232627868652344
2015-09-13,10.269294738769531
2015-09-14,9.821487426757812
2015-09-15,8.910858154296875
2015-09-16,8.125747680664062
2015-09-17,9.010391235351562
2015-09-18,11.084983825683594
2015-09-19,12.533981323242188
2015-09-20,12.68389892578125
2015-09-21,12.198516845703125
2015-09-22,12.268447875976562
2015-09-23,10.835098266601562
2015-09-24,10.805511474609375
2015-09-25,11.869674682617188
2015-09-26,13.184638977050781
2015-09-27,14.960121154785156
2015-09-28,17.38037109375
2015-09-29,20.922119140625
2015-09-30,21.868209838867188
2015-10-01,20.26329803466797
2015-10-02,17.63550567626953
2015-10-03,17.272201538085938
2015-10-04,17.012725830078125
2015-10-05,17.515365600585938
2015-10-06,17.729827880859375
2015-10-07,18.96404266357422
2015-10-08,20.60259246826172
2015-10-09,21.733253479003906
2015-10-10,20.722023010253906
2015-10-11,20.909423828125
2015-10-12,23.681724548339844
2015-10-13,24.460556030273438
2015-10-14,25.1795654296875
2015-10-15,25.594711303710938
2015-10-16,25.539138793945312
2015-10-17,24.34661865234375
2015-10-18,21.820335388183594
2015-10-19,20.721954345703125
2015-10-20,20.173240661621094
2015-10-21,20.026962280273438
2015-10-22,21.55034637451172
2015-10-23,21.00244140625
2015-10-24,20.06464385986328
2015-10-25,20.11919403076172
2015-10-26,21.452903747558594
2015-10-27,23.248458862304688
2015-10-28,25.639556884765625
2015-10-29,28.740310668945312
2015-10-30,29.04498291015625
2015-10-31,29.79979705810547
2015-11-01,30.530364990234375
2015-11-02,31.160507202148438
2015-11-03,32.30842590332031
2015-11-04,34.51789855957031
2015-11-05,35.14702606201172
2015-11-06,35.454994201660156
2015-11-07,35.11822509765625
2015-11-08,34.95121765136719
2015-11-09,35.367286682128906
2015-11-10,36.28924560546875
2015-11-11,39.631591796875
2015-11-12,41.726226806640625
2015-11-13,38.562461853027344
2015-11-14,35.8602294921875
2015-11-15,35.897193908691406
2015-11-16,36.625160217285156
2015-11-17,37.7105712890625
2015-11-18,40.005035400390625
2015-11-19,39.139862060546875
2015-11-20,39.92066955566406
2015-11-21,40.95521545410156
2015-11-22,41.896156311035156
2015-11-23,42.609947204589844
2015-11-24,43.91954040527344
2015-11-25,39.034278869628906
2015-11-26,39.64057159423828
2015-11-27,39.22123718261719
2015-11-28,43.69645690917969
2015-11-29,44.64466857910156
2015-11-30,42.420753479003906
2015-12-01,40.77973175048828
2015-12-02,41.998809814453125
2015-12-03,47.292144775390625
2015-12-04,50.946441650390625
2015-12-05,53.962425231933594
2015-12-06,56.240020751953125
2015-12-07,55.647727966308594
2015-12-08,53.065589904785156
2015-12-09,50.628021240234375
2015-12-10,51.163780212402344
2015-12-11,53.1884765625
2015-12-12,51.70957946777344
2015-12-13,54.57721710205078
2015-12-14,53.84839630126953
2015-12-15,50.532508850097656
2015-12-16,44.53887176513672
2015-12-17,44.900604248046875
2015-12-18,45.91764831542969
2015-12-19,46.41819763183594
2015-12-20,47.616294860839844
2015-12-21,46.50102996826172
2015-12-22,47.378395080566406
2015-12-23,48.86054992675781
2015-12-24,49.65962219238281
2015-12-25,51.05744934082031
2015-12-26,54.017799377441406
2015-12-27,53.802947998046875
2015-12-28,52.66754150390625
2015-12-29,56.38555908203125
2015-12-30,57.78617858886719
2015-12-31,58.49816131591797
2016-01-01,60.07612609863281
2016-01-02,59.89112854003906
2016-01-03,57.64837646484375
2016-01-04,53.379241943359375
2016-01-05,50.313133239746094
2016-01-06,45.32494354248047
2016-01-07,43.48157501220703
2016-01-08,42.7828369140625
2016-01-09,37.117393493652344
2016-01-10,37.56298828125
2016-01-11,40.60707092285156
2016-01-12,38.37183380126953
2016-01-13,39.646575927734375
2016-01-14,42.40950012207031
2016-01-15,43.631202697753906
2016-01-16,45.99623107910156
2016-01-17,48.58080291748047
2016-01-18,49.262847900390625
2016-01-19,55.915496826171875
2016-01-20,62.224853515625
2016-01-21,67.18289184570312
2016-01-22,74.76548767089844
2016-01-23,75.9332275390625
2016-01-24,62.48108673095703
2016-01-25,47.640480041503906
2016-01-26,35.49226379394531
2016-01-27,24.548431396484375
2016-01-28,24.029541015625
2016-01-29,25.097930908203125
2016-01-30,19.36219024658203
2016-01-31,15.71063232421875
2016-02-01,9.7718505859375
2016-02-02,8.615730285644531
2016-02-03,12.265510559082031
2016-02-04,21.443649291992188
2016-02-05,28.02397918701172
2016-02-06,32.492225646972656
2016-02-07,31.585952758789062
2016-02-08,15.442398071289062
2016-02-09,-1.417755126953125
2016-02-10,0.11496734619140625
2016-02-11,4.832756042480469
2016-02-12,18.39734649658203
2016-02-13,23.853309631347656
2016-02-14,34.115440368652344
2016-02-15,46.399452209472656
2016-02-16,60.19950866699219
2016-02-17,58.261268615722656
2016-02-18,57.775550842285156
2016-02-19,48.49150848388672
2016-02-20,38.84063720703125
2016-02-21,32.704689025878906
2016-02-22,32.400543212890625
2016-02-23,35.425437927246094
2016-02-24,32.37077331542969
2016-02-25,24.299415588378906
2016-02-26,13.420555114746094
2016-02-27,2.6476516723632812
2016-02-28,-1.5313796997070312
2016-02-29,-2.0079498291015625
2016-03-01,-0.195281982421875
2016-03-02,2.7618789672851562
2016-03-03,7.45379638671875
2016-03-04,11.005111694335938
2016-03-05,2.178497314453125
2016-03-06,-14.238037109375
2016-03-07,-22.953025817871094
2016-03-08,-29.19769287109375
2016-03-09,-27.419822692871094
2016-03-10,-28.775558471679688
2016-03-11,-30.966064453125
2016-03-12,-31.40521240234375
2016-03-13,-28.731056213378906
2016-03-14,-29.808013916015625
2016-03-15,-30.697044372558594
2016-03-16,-24.401229858398438
2016-03-17,-19.481910705566406
2016-03-18,-18.095542907714844
2016-03-19,-13.6207275390625
2016-03-20,-12.196205139160156
2016-03-21,-13.018936157226562
2016-03-22,-7.6093292236328125
2016-03-23,-6.9591064453125
2016-03-24,-7.2740478515625
2016-03-25,-5.1921844482421875
2016-03-26,-3.5832748413085938
2016-03-27,-3.3303298950195312
2016-03-28,-5.838813781738281
2016-03-29,-8.121284484863281
2016-03-30,-9.905647277832031
2016-03-31,-9.981529235839844
2016-04-01,-9.208999633789062
2016-04-02,-8.212959289550781
2016-04-03,-6.548744201660156
2016-04-04,-3.9860458374023438
2016-04-05,-2.8583526611328125
2016-04-06,-2.8712158203125
2016-04-07,-4.070243835449219
2016-04-08,-5.05096435546875
2016-04-09,-5.267692565917969
2016-04-10,-5.3867645263671875
2016-04-11,-5.3301544189453125
2016-04-12,-5.1637115478515625
2016-04-13,-4.7981109619140625
2016-04-14,-4.717048645019531
2016-04-15,-4.2253875732421875
2016-04-16,-4.104194641113281
2016-04-17,-3.6174240112304688
2016-04-18,-3.1197509765625
2016-04-19,-3.1712112426757812
2016-04-20,-3.6279296875
2016-04-21,-4.397552490234375
2016-04-22,-4.801490783691406
2016-04-23,-5.114295959472656
2016-04-24,-5.7264862060546875
2016-04-25,-6.49444580078125
2016-04-26,-6.261863708496094
2016-04-27,-5.813087463378906
2016-04-28,-5.008888244628906
2016-04-29,-4.7140960693359375
2016-04-30,-4.1656036376953125
2016-05-01,-3.5921401977539062
2016-05-02,-3.441680908203125
2016-05-03,-3.2385482788085938
2016-05-04,-3.8180770874023438
2016-05-05,-4.121284484863281
2016-05-06,-4.324882507324219
2016-05-07,-4.679710388183594
2016-05-08,-4.717750549316406
2016-05-09,-4.6927032470703125
2016-05-10,-4.946571350097656
2016-05-11,-5.524269104003906
2016-05-12,-5.54608154296875
2016-05-13,-5.9451141357421875
2016-05-14,-6.1241912841796875
2016-05-15,-6.54931640625
2016-05-16,-6.403533935546875
2016-05-17,-6.272193908691406
2016-05-18,-6.443046569824219
2016-05-19,-6.652046203613281
2016-05-20,-6.7165679931640625
2016-05-21,-6.89947509765625
2016-05-22,-7.421241760253906
2016-05-23,-8.008018493652344
2016-05-24,-8.543807983398438
2016-05-25,-8.782562255859375
2016-05-26,-9.009719848632812
2016-05-27,-9.534385681152344
2016-05-28,-9.942527770996094
2016-05-29,-10.184013366699219
2016-05-30,-10.153549194335938
2016-05-31,-9.869552612304688
2016-06-01,-9.583045959472656
2016-06-02,-9.69183349609375
2016-06-03,-9.733192443847656
2016-06-04,-9.885353088378906
2016-06-05,-10.081932067871094
2016-06-06,-9.858840942382812
2016-06-07,-9.86492919921875
2016-06-08,-10.066009521484375
2016-06-09,-10.471694946289062
2016-06-10,-10.5576171875
2016-06-11,-10.485946655273438
2016-06-12,-10.255599975585938
2016-06-13,-10.6380615234375
2016-06-14,-10.81781005859375
2016-06-15,-11.148200988769531
2016-06-16,-11.240554809570312
2016-06-17,-11.357803344726562
2016-06-18,-11.176521301269531
2016-06-19,-11.238800048828125
2016-06-20,-10.9581298828125
2016-06-21,-10.811447143554688
2016-06-22,-10.894798278808594
2016-06-23,-10.890655517578125
2016-06-24,-10.938186645507812
2016-06-25,-11.137741088867188
2016-06-26,-11.0374755859375
2016-06-27,-11.210647583007812
2016-06-28,-11.370292663574219
2016-06-29,-11.440910339355469
2016-06-30,-11.558998107910156
2016-07-01,-11.415206909179688
2016-07-02,-11.207489013671875
2016-07-03,-11.145431518554688
2016-07-04,-11.330238342285156
2016-07-05,-11.449188232421875
2016-07-06,-11.319938659667969
2016-07-07,-11.204940795898438
2016-07-08,-10.973464965820312
2016-07-09,-10.809234619140625
2016-07-10,-10.693458557128906
2016-07-11,-10.813247680664062
2016-07-12,-11.177230834960938
2016-07-13,-11.1998291015625
2016-07-14,-11.178024291992188
2016-07-15,-11.196571350097656
2016-07-16,-10.968055725097656
2016-07-17,-10.600082397460938
2016-07-18,-10.366424560546875
2016-07-19,-10.088790893554688
2016-07-20,-9.83203125
2016-07-21,-9.874160766601562
2016-07-22,-9.493370056152344
2016-07-23,-9.26513671875
2016-07-24,-9.051788330078125
2016-07-25,-8.661163330078125
2016-07-26,-8.296371459960938
2016-07-27,-8.184303283691406
2016-07-28,-7.9147796630859375
2016-07-29,-7.483726501464844
2016-07-30,-7.34552001953125
2016-07-31,-7.0471038818359375
2016-08-01,-6.815620422363281
2016-08-02,-6.7289581298828125
2016-08-03,-6.5857696533203125
2016-08-04,-6.365882873535156
2016-08-05,-6.0692291259765625
2016-08-06,-5.852821350097656
2016-08-07,-5.307647705078125
2016-08-08,-5.1451873779296875
2016-08-09,-5.050445556640625
2016-08-10,-4.871826171875
2016-08-11,-4.693878173828125
2016-08-12,-4.2941436767578125
2016-08-13,-3.690826416015625
2016-08-14,-3.52313232421875
2016-08-15,-3.1843414306640625
2016-08-16,-3.0737838745117188
2016-08-17,-2.6808547973632812
2016-08-18,-2.2943038940429688
2016-08-19,-1.60430908203125
2016-08-20,-1.1360015869140625
2016-08-21,-0.8213958740234375
2016-08-22,-0.7641067504882812
2016-08-23,-1.1475906372070312
2016-08-24,-1.0383758544921875
2016-08-25,-0.8252487182617188
2016-08-26,-0.6337661743164062
2016-08-27,-0.2718048095703125
2016-08-28,-0.07826995849609375
2016-08-29,0.2268218994140625
2016-08-30,0.7540435791015625
2016-08-31,1.29254150390625
2016-09-01,2.15234375
2016-09-02,2.5774078369140625
2016-09-03,2.9030380249023438
2016-09-04,2.6720123291015625
2016-09-05,2.9662933349609375
2016-09-06,3.5908737182617188
2016-09-07,4.22344970703125
2016-09-08,4.479484558105469
2016-09-09,4.6249237060546875
2016-09-10,4.762046813964844
2016-09-11,5.041473388671875
2016-09-12,5.1608428955078125
2016-09-13,5.546257019042969
2016-09-14,5.208168029785156
2016-09-15,4.868553161621094
2016-09-16,4.706298828125
2016-09-17,5.363372802734375
2016-09-18,4.8054046630859375
2016-09-19,4.572639465332031
2016-09-20,6.3385162353515625
2016-09-21,7.660186767578125
2016-09-22,7.977470397949219
2016-09-23,7.743583679199219
2016-09-24,7.622322082519531
2016-09-25,6.1156463623046875
2016-09-26,5.81097412109375
2016-09-27,6.9824676513671875
2016-09-28,8.334220886230469
2016-09-29,9.196090698242188
2016-09-30,9.870010375976562
2016-10-01,11.088027954101562
2016-10-02,11.312873840332031
2016-10-03,12.9593505859375
2016-10-04,14.803291320800781
2016-10-05,16.608352661132812
2016-10-06,17.281814575195312
2016-10-07,17.862518310546875
2016-10-08,17.613548278808594
2016-10-09,16.724288940429688
2016-10-10,16.726722717285156
2016-10-11,16.217926025390625
2016-10-12,15.752975463867188
2016-10-13,15.528518676757812
2016-10-14,16.026649475097656
2016-10-15,16.824951171875
2016-10-16,19.2305908203125
2016-10-17,22.10759735107422
2016-10-18,24.747833251953125
2016-10-19,26.85138702392578
2016-10-20,25.682357788085938
2016-10-21,24.023048400878906
2016-10-22,23.397048950195312
2016-10-23,22.6326904296875
2016-10-24,21.46381378173828
2016-10-25,20.717918395996094
2016-10-26,19.0377197265625
2016-10-27,17.27033233642578
2016-10-28,13.613265991210938
2016-10-29,11.331993103027344
2016-10-30,9.913215637207031
2016-10-31,9.629425048828125
2016-11-01,9.049102783203125
2016-11-02,13.061363220214844
2016-11-03,17.169883728027344
2016-11-04,15.410652160644531
2016-11-05,14.077949523925781
2016-11-06,12.993148803710938
2016-11-07,12.475608825683594
2016-11-08,10.940589904785156
2016-11-09,11.108116149902344
2016-11-10,12.373054504394531
2016-11-11,13.968780517578125
2016-11-12,13.295997619628906
2016-11-13,12.450981140136719
2016-11-14,10.220329284667969
2016-11-15,9.115066528320312
2016-11-16,11.034431457519531
2016-11-17,10.254379272460938
2016-11-18,8.625602722167969
2016-11-19,11.197036743164062
2016-11-20,15.47039794921875
2016-11-21,18.171180725097656
2016-11-22,16.09284210205078
2016-11-23,13.572486877441406
2016-11-24,12.871047973632812
2016-11-25,7.81396484375
2016-11-26,0.19126129150390625
2016-11-27,1.34521484375
2016-11-28,5.4174041748046875
2016-11-29,12.041252136230469
2016-11-30,18.19799041748047
2016-12-01,12.371124267578125
2016-12-02,5.522979736328125
2016-12-03,10.163124084472656
2016-12-04,10.760139465332031
2016-12-05,14.865264892578125
2016-12-06,17.971778869628906
2016-12-07,17.318031311035156
2016-12-08,19.04309844970703
2016-12-09,22.20252227783203
2016-12-10,25.725807189941406
2016-12-11,26.563438415527344
2016-12-12,26.747901916503906
2016-12-13,26.708999633789062
2016-12-14,27.450294494628906
2016-12-15,28.654647827148438
2016-12-16,29.641250610351562
2016-12-17,29.316009521484375
2016-12-18,36.691246032714844
2016-12-19,45.51963806152344
2016-12-20,47.88361358642578
2016-12-21,51.98249053955078
2016-12-22,55.09144592285156
2016-12-23,57.32218933105469
2016-12-24,58.62159729003906
2016-12-25,57.02049255371094
2016-12-26,52.54846954345703
2016-12-27,51.87690734863281
2016-12-28,50.73017883300781
2016-12-29,51.00596618652344
2016-12-30,49.41735076904297
2016-12-31,46.83122253417969
2017-01-01,43.06090545654297
2017-01-02,38.38676452636719
2017-01-03,41.021995544433594
2017-01-04,41.678611755371094
2017-01-05,43.520050048828125
2017-01-06,50.11540985107422
2017-01-07,51.12501525878906
2017-01-08,50.79829406738281
2017-01-09,46.527626037597656
2017-01-10,43.72462463378906
2017-01-11,42.166770935058594
2017-01-12,43.99164581298828
2017-01-13,52.16443634033203
2017-01-14,58.095001220703125
2017-01-15,49.159873962402344
2017-01-16,37.68401336669922
2017-01-17,41.17144775390625
2017-01-18,46.107460021972656
2017-01-19,45.931121826171875
2017-01-20,46.4910888671875
2017-01-21,42.509254455566406
2017-01-22,38.94935607910156
2017-01-23,29.66051483154297
2017-01-24,22.653060913085938
2017-01-25,24.146682739257812
2017-01-26,20.62383270263672
2017-01-27,17.64075469970703
2017-01-28,13.168312072753906
2017-01-29,11.284049987792969
2017-01-30,2.1740875244140625
2017-01-31,-3.2065811157226562
2017-02-01,-9.114532470703125
2017-02-02,-7.5919647216796875
2017-02-03,-3.1767654418945312
2017-02-04,1.554229736328125
2017-02-05,0.15636444091796875
2017-02-06,2.1573028564453125
2017-02-07,10.610610961914062
2017-02-08,20.145118713378906
2017-02-09,20.921676635742188
2017-02-10,21.62071990966797
2017-02-11,30.79021453857422
2017-02-12,30.406661987304688
2017-02-13,26.475234985351562
2017-02-14,22.322349548339844
2017-02-15,16.48700714111328
2017-02-16,12.487289428710938
2017-02-17,8.891441345214844
2017-02-18,5.558937072753906
2017-02-19,2.0610809326171875
2017-02-20,4.801979064941406
2017-02-21,5.6816253662109375
2017-02-22,3.9306488037109375
2017-02-23,-2.5848770141601562
2017-02-24,-4.302391052246094
2017-02-25,-6.45458984375
2017-02-26,-5.06756591796875
2017-02-27,-2.1244659423828125
2017-02-28,-3.9245529174804688
2017-03-01,-5.429290771484375
2017-03-02,-8.060134887695312
2017-03-03,-5.872222900390625
2017-03-04,-1.0993499755859375
2017-03-05,1.5012741088867188
2017-03-06,1.8717803955078125
2017-03-07,1.2404098510742188
2017-03-08,2.2556838989257812
2017-03-09,3.26739501953125
2017-03-10,3.483917236328125
2017-03-11,5.4604949951171875
2017-03-12,9.229873657226562
2017-03-13,14.251213073730469
2017-03-14,15.882011413574219
2017-03-15,4.4218902587890625
2017-03-16,0.575775146484375
2017-03-17,-0.19860076904296875
2017-03-18,0.7334976196289062
2017-03-19,2.716949462890625
2017-03-20,3.7485198974609375
2017-03-21,4.253089904785156
2017-03-22,6.945106506347656
2017-03-23,6.52130126953125
2017-03-24,8.402847290039062
2017-03-25,10.538436889648438
2017-03-26,11.161216735839844
2017-03-27,9.199325561523438
2017-03-28,8.818382263183594
2017-03-29,8.90386962890625
2017-03-30,9.383758544921875
2017-03-31,9.79095458984375
2017-04-01,8.823577880859375
2017-04-02,8.092002868652344
2017-04-03,10.108070373535156
2017-04-04,8.501922607421875
2017-04-05,6.001502990722656
2017-04-06,1.2573394775390625
2017-04-07,-2.6879119873046875
2017-04-08,-4.5466766357421875
2017-04-09,-4.237174987792969
2017-04-10,-5.76739501953125
2017-04-11,-7.300895690917969
2017-04-12,-7.268157958984375
2017-04-13,-5.776893615722656
2017-04-14,-4.895294189453125
2017-04-15,-5.514915466308594
2017-04-16,-5.682891845703125
2017-04-17,-5.572052001953125
2017-04-18,-5.8586578369140625
2017-04-19,-5.893821716308594
2017-04-20,-5.373649597167969
2017-04-21,-5.2843170166015625
2017-04-22,-4.929290771484375
2017-04-23,-3.9721298217773438
2017-04-24,-3.4843673706054688
2017-04-25,-3.3541107177734375
2017-04-26,-3.602691650390625
2017-04-27,-3.8962783813476562
2017-04-28,-3.7729949951171875
2017-04-29,-3.4929885864257812
2017-04-30,-2.9531021118164062
2017-05-01,-3.04132080078125
2017-05-02,-3.4617843627929688
2017-05-03,-4.590599060058594
2017-05-04,-5.6988677978515625
2017-05-05,-6.1750640869140625
2017-05-06,-6.228187561035156
2017-05-07,-6.2986602783203125
2017-05-08,-6.245155334472656
2017-05-09,-6.0902099609375
2017-05-10,-6.30120849609375
2017-05-11,-6.566558837890625
2017-05-12,-6.171417236328125
2017-05-13,-6.087043762207031
2017-05-14,-6.260772705078125
2017-05-15,-6.605018615722656
2017-05-16,-6.519538879394531
2017-05-17,-6.5926055908203125
2017-05-18,-6.7754364013671875
2017-05-19,-7.034507751464844
2017-05-20,-7.409423828125
2017-05-21,-7.7363128662109375
2017-05-22,-7.396148681640625
2017-05-23,-7.1523895263671875
2017-05-24,-7.07806396484375
2017-05-25,-7.434562683105469
2017-05-26,-7.9380340576171875
2017-05-27,-8.296630859375
2017-05-28,-8.608871459960938
2017-05-29,-8.861686706542969
2017-05-30,-8.760978698730469
2017-05-31,-9.021804809570312
2017-06-01,-9.560317993164062
2017-06-02,-9.544906616210938
2017-06-03,-9.659652709960938
2017-06-04,-9.874717712402344
2017-06-05,-10.07489013671875
2017-06-06,-10.221298217773438
2017-06-07,-10.241897583007812
2017-06-08,-10.337226867675781
2017-06-09,-10.445259094238281
2017-06-10,-10.40631103515625
2017-06-11,-10.199806213378906
2017-06-12,-10.354354858398438
2017-06-13,-10.383720397949219
2017-06-14,-10.348739624023438
2017-06-15,-10.232025146484375
2017-06-16,-10.178337097167969
2017-06-17,-10.193855285644531
2017-06-18,-10.204605102539062
2017-06-19,-10.180503845214844
2017-06-20,-10.114906311035156
2017-06-21,-10.355392456054688
2017-06-22,-10.377647399902344
2017-06-23,-10.25250244140625
2017-06-24,-10.297187805175781
2017-06-25,-10.3775634765625
2017-06-26,-10.578536987304688
2017-06-27,-10.567543029785156
2017-06-28,-10.52410888671875
2017-06-29,-10.699745178222656
2017-06-30,-10.623703002929688
2017-07-01,-10.179107666015625
2017-07-02,-10.12750244140625
2017-07-03,-10.310707092285156
2017-07-04,-10.293785095214844
2017-07-05,-10.190475463867188
2017-07-06,-10.322021484375
2017-07-07,-10.340690612792969
2017-07-08,-10.386932373046875
2017-07-09,-10.23779296875
2017-07-10,-10.085945129394531
2017-07-11,-10.089706420898438
2017-07-12,-10.20928955078125
2017-07-13,-10.323875427246094
2017-07-14,-9.97711181640625
2017-07-15,-9.734382629394531
2017-07-16,-9.400978088378906
2017-07-17,-9.095909118652344
2017-07-18,-9.070297241210938
2017-07-19,-9.0740966796875
2017-07-20,-9.217010498046875
2017-07-21,-9.12481689453125
2017-07-22,-9.032615661621094
2017-07-23,-9.0438232421875
2017-07-24,-8.708702087402344
2017-07-25,-8.183990478515625
2017-07-26,-7.9692535400390625
2017-07-27,-7.6065216064453125
2017-07-28,-7.4306488037109375
2017-07-29,-7.299407958984375
2017-07-30,-7.182456970214844
2017-07-31,-6.946434020996094
2017-08-01,-6.80157470703125
2017-08-02,-6.6147613525390625
2017-08-03,-6.3743896484375
2017-08-04,-6.2171630859375
2017-08-05,-6.078887939453125
2017-08-06,-5.795112609863281
2017-08-07,-5.5155487060546875
2017-08-08,-5.438514709472656
2017-08-09,-5.3848114013671875
2017-08-10,-4.828056335449219
2017-08-11,-4.378662109375
2017-08-12,-4.123199462890625
2017-08-13,-4.033294677734375
2017-08-14,-3.859344482421875
2017-08-15,-3.6873931884765625
2017-08-16,-3.206390380859375
2017-08-17,-2.9482955932617188
2017-08-18,-2.51434326171875
2017-08-19,-2.087432861328125
2017-08-20,-1.6337356567382812
2017-08-21,-1.148193359375
2017-08-22,-0.714080810546875
2017-08-23,-0.0453643798828125
2017-08-24,-0.06201934814453125
2017-08-25,0.1181488037109375
2017-08-26,0.5177993774414062
2017-08-27,1.1747512817382812
2017-08-28,1.898529052734375
2017-08-29,2.6168212890625
2017-08-30,3.4405670166015625
2017-08-31,3.9201202392578125
2017-09-01,4.135009765625
2017-09-02,4.36822509765625
2017-09-03,4.409507751464844
2017-09-04,4.1679840087890625
2017-09-05,4.4790191650390625
2017-09-06,4.273368835449219
2017-09-07,3.9402847290039062
2017-09-08,4.0804443359375
2017-09-09,5.1840362548828125
2017-09-10,6.295707702636719
2017-09-11,6.9043121337890625
2017-09-12,7.6031646728515625
2017-09-13,8.50531005859375
2017-09-14,8.811927795410156
2017-09-15,9.489852905273438
2017-09-16,9.252487182617188
2017-09-17,9.129623413085938
2017-09-18,9.329208374023438
2017-09-19,10.328575134277344
2017-09-20,11.023818969726562
2017-09-21,11.363204956054688
2017-09-22,12.185256958007812
2017-09-23,12.993804931640625
2017-09-24,13.836570739746094
2017-09-25,14.43133544921875
2017-09-26,14.791641235351562
2017-09-27,14.147682189941406
2017-09-28,13.851486206054688
2017-09-29,14.098091125488281
2017-09-30,14.228179931640625
2017-10-01,14.700241088867188
2017-10-02,14.6158447265625
2017-10-03,14.1953125
2017-10-04,14.507049560546875
2017-10-05,13.8914794921875
2017-10-06,12.9549560546875
2017-10-07,13.991798400878906
2017-10-08,15.543601989746094
2017-10-09,16.343826293945312
2017-10-10,17.851600646972656
2017-10-11,19.262542724609375
2017-10-12,19.94359588623047
2017-10-13,19.88117218017578
2017-10-14,19.725013732910156
2017-10-15,20.416656494140625
2017-10-16,20.739669799804688
2017-10-17,21.890609741210938
2017-10-18,23.55994415283203
2017-10-19,24.41332244873047
2017-10-20,24.75115966796875
2017-10-21,25.108070373535156
2017-10-22,23.612098693847656
2017-10-23,19.953536987304688
2017-10-24,18.38225555419922
2017-10-25,18.919845581054688
2017-10-26,16.691192626953125
2017-10-27,15.000679016113281
2017-10-28,17.33989715576172
2017-10-29,21.521583557128906
2017-10-30,21.763534545898438
2017-10-31,24.79552459716797
2017-11-01,24.491790771484375
2017-11-02,25.837509155273438
2017-11-03,26.53351593017578
2017-11-04,25.64476776123047
2017-11-05,25.39495849609375
2017-11-06,23.66460418701172
2017-11-07,23.27948760986328
2017-11-08,30.228164672851562
2017-11-09,33.928627014160156
2017-11-10,31.128631591796875
2017-11-11,29.53436279296875
2017-11-12,30.837486267089844
2017-11-13,32.50141906738281
2017-11-14,35.757118225097656
2017-11-15,37.46167755126953
2017-11-16,37.15946960449219
2017-11-17,36.19769287109375
2017-11-18,35.00177001953125
2017-11-19,33.83177947998047
2017-11-20,32.93937683105469
2017-11-21,32.00249481201172
2017-11-22,31.23906707763672
2017-11-23,29.88469696044922
2017-11-24,29.330337524414062
2017-11-25,29.049911499023438
2017-11-26,27.807212829589844
2017-11-27,24.212509155273438
2017-11-28,21.49383544921875
2017-11-29,22.463882446289062
2017-11-30,23.48822784423828
2017-12-01,24.012107849121094
2017-12-02,24.063079833984375
2017-12-03,22.718856811523438
2017-12-04,22.74676513671875
2017-12-05,25.91064453125
2017-12-06,25.774200439453125
2017-12-07,26.520851135253906
2017-12-08,20.057411193847656
2017-12-09,16.37830352783203
2017-12-10,12.909286499023438
2017-12-11,13.679977416992188
2017-12-12,21.794212341308594
2017-12-13,25.495758056640625
2017-12-14,24.6175537109375
2017-12-15,21.425201416015625
2017-12-16,21.453407287597656
2017-12-17,23.671249389648438
2017-12-18,23.65668487548828
2017-12-19,19.45594024658203
2017-12-20,19.817970275878906
2017-12-21,20.379920959472656
2017-12-22,14.999900817871094
2017-12-23,16.205108642578125
2017-12-24,15.636917114257812
2017-12-25,24.62328338623047
2017-12-26,30.89508819580078
2017-12-27,35.34626007080078
2017-12-28,40.661399841308594
2017-12-29,48.395179748535156
2017-12-30,52.65484619140625
2017-12-31,49.84480285644531
2018-01-01,52.071258544921875
2018-01-02,52.69587707519531
2018-01-03,53.101966857910156
2018-01-04,49.59715270996094
2018-01-05,44.466331481933594
2018-01-06,47.803001403808594
2018-01-07,52.951141357421875
2018-01-08,58.29108428955078
2018-01-09,58.185585021972656
2018-01-10,54.97258758544922
2018-01-11,54.847694396972656
2018-01-12,58.88085174560547
2018-01-13,54.820411682128906
2018-01-14,52.28790283203125
2018-01-15,42.70024871826172
2018-01-16,34.49937438964844
2018-01-17,28.394752502441406
2018-01-18,20.98084259033203
2018-01-19,14.630760192871094
2018-01-20,17.15680694580078
2018-01-21,16.610702514648438
2018-01-22,20.046493530273438
2018-01-23,20.18640899658203
2018-01-24,20.202560424804688
2018-01-25,21.846771240234375
2018-01-26,28.831375122070312
2018-01-27,38.53003692626953
2018-01-28,42.407196044921875
2018-01-29,38.68921661376953
2018-01-30,30.331520080566406
2018-01-31,29.093162536621094
2018-02-01,22.622581481933594
2018-02-02,22.406822204589844
2018-02-03,34.116615295410156
2018-02-04,45.955039978027344
2018-02-05,42.07533264160156
2018-02-06,28.641921997070312
2018-02-07,21.126083374023438
2018-02-08,17.43462371826172
2018-02-09,18.84796905517578
2018-02-10,13.998939514160156
2018-02-11,2.4819107055664062
2018-02-12,-14.658439636230469
2018-02-13,-21.68646240234375
2018-02-14,-25.212005615234375
2018-02-15,-24.60022735595703
2018-02-16,-19.32342529296875
2018-02-17,-13.020553588867188
2018-02-18,-13.52117919921875
2018-02-19,-22.923133850097656
2018-02-20,-26.284950256347656
2018-02-21,-25.599151611328125
2018-02-22,-21.651283264160156
2018-02-23,-14.11376953125
2018-02-24,-10.030586242675781
2018-02-25,-17.202850341796875
2018-02-26,-6.519927978515625
2018-02-27,-2.439208984375
2018-02-28,1.4359664916992188
2018-03-01,5.5562896728515625
2018-03-02,7.011039733886719
2018-03-03,6.840400695800781
2018-03-04,6.514610290527344
2018-03-05,7.3263702392578125
2018-03-06,6.713356018066406
2018-03-07,6.328407287597656
2018-03-08,5.185523986816406
2018-03-09,5.586235046386719
2018-03-10,6.403938293457031
2018-03-11,8.81146240234375
2018-03-12,6.750205993652344
2018-03-13,4.0164642333984375
2018-03-14,1.9793319702148438
2018-03-15,0.4628143310546875
2018-03-16,0.196868896484375
2018-03-17,-1.4970550537109375
2018-03-18,-2.220245361328125
2018-03-19,-1.2277603149414062
2018-03-20,-1.5322723388671875
2018-03-21,-1.930206298828125
2018-03-22,-0.7535552978515625
2018-03-23,0.3802032470703125
2018-03-24,0.6709976196289062
2018-03-25,1.2679901123046875
2018-03-26,2.8462448120117188
2018-03-27,2.634063720703125
2018-03-28,2.146484375
2018-03-29,3.6841201782226562
2018-03-30,5.374183654785156
2018-03-31,6.952751159667969
2018-04-01,5.558631896972656
2018-04-02,4.872703552246094
2018-04-03,3.4623794555664062
2018-04-04,3.6870880126953125
2018-04-05,2.3668594360351562
2018-04-06,2.058319091796875
2018-04-07,1.6670303344726562
2018-04-08,1.5080642700195312
2018-04-09,2.23956298828125
2018-04-10,2.5565719604492188
2018-04-11,2.3456039428710938
2018-04-12,1.7121963500976562
2018-04-13,0.8353118896484375
2018-04-14,0.0686798095703125
2018-04-15,-0.8968429565429688
2018-04-16,-1.8983230590820312
2018-04-17,-2.1387939453125
2018-04-18,-2.216827392578125
2018-04-19,-1.9561538696289062
2018-04-20,-1.55950927734375
2018-04-21,-0.97247314453125
2018-04-22,-0.8449249267578125
2018-04-23,-0.8177490234375
2018-04-24,-0.6521759033203125
2018-04-25,-0.5636520385742188
2018-04-26,-0.5908203125
2018-04-27,-0.8971099853515625
2018-04-28,-0.7576522827148438
2018-04-29,-0.9620513916015625
2018-04-30,-1.2484130859375
2018-05-01,-1.382781982421875
2018-05-02,-1.2803726196289062
2018-05-03,-1.5625457763671875
2018-05-04,-1.8538970947265625
2018-05-05,-2.5231857299804688
2018-05-06,-2.8416748046875
2018-05-07,-2.940185546875
2018-05-08,-3.4408035278320312
2018-05-09,-4.3606719970703125
2018-05-10,-5.369842529296875
2018-05-11,-5.962516784667969
2018-05-12,-6.0263824462890625
2018-05-13,-6.2972869873046875
2018-05-14,-6.8766326904296875
2018-05-15,-7.092132568359375
2018-05-16,-7.3151397705078125
2018-05-17,-7.358940124511719
2018-05-18,-7.3145294189453125
2018-05-19,-7.334991455078125
2018-05-20,-7.024139404296875
2018-05-21,-6.9578704833984375
2018-05-22,-7.3481292724609375
2018-05-23,-7.487907409667969
2018-05-24,-7.873847961425781
2018-05-25,-7.9269561767578125
2018-05-26,-7.99981689453125
2018-05-27,-7.9473876953125
2018-05-28,-8.123977661132812
2018-05-29,-8.530258178710938
2018-05-30,-8.897018432617188
2018-05-31,-9.167121887207031
2018-06-01,-9.139251708984375
2018-06-02,-9.366294860839844
2018-06-03,-9.966194152832031
2018-06-04,-10.449661254882812
2018-06-05,-10.734405517578125
2018-06-06,-10.685951232910156
2018-06-07,-10.841766357421875
2018-06-08,-10.8292236328125
2018-06-09,-10.93463134765625
2018-06-10,-10.99090576171875
2018-06-11,-11.467903137207031
2018-06-12,-11.392242431640625
2018-06-13,-11.435691833496094
2018-06-14,-11.238578796386719
2018-06-15,-11.1043701171875
2018-06-16,-11.138710021972656
2018-06-17,-10.886260986328125
2018-06-18,-10.673713684082031
2018-06-19,-10.556625366210938
2018-06-20,-10.584503173828125
2018-06-21,-11.040992736816406
2018-06-22,-11.167373657226562
2018-06-23,-11.1949462890625
2018-06-24,-11.46697998046875
2018-06-25,-11.28424072265625
2018-06-26,-11.4368896484375
2018-06-27,-11.506294250488281
2018-06-28,-11.795402526855469
2018-06-29,-11.7830810546875
2018-06-30,-11.821609497070312
2018-07-01,-11.613739013671875
2018-07-02,-11.57421875
2018-07-03,-11.695701599121094
2018-07-04,-11.622451782226562
2018-07-05,-11.473541259765625
2018-07-06,-11.347869873046875
2018-07-07,-11.264228820800781
2018-07-08,-11.086891174316406
2018-07-09,-10.944412231445312
2018-07-10,-10.645088195800781
2018-07-11,-10.485580444335938
2018-07-12,-10.159652709960938
2018-07-13,-10.040390014648438
2018-07-14,-9.700897216796875
2018-07-15,-9.5120849609375
2018-07-16,-9.195831298828125
2018-07-17,-8.974029541015625
2018-07-18,-8.769088745117188
2018-07-19,-8.917236328125
2018-07-20,-8.734588623046875
2018-07-21,-8.666229248046875
2018-07-22,-8.363357543945312
2018-07-23,-8.395217895507812
2018-07-24,-8.192367553710938
2018-07-25,-8.038925170898438
2018-07-26,-7.957275390625
2018-07-27,-8.184349060058594
2018-07-28,-8.146492004394531
2018-07-29,-8.108924865722656
2018-07-30,-8.263839721679688
2018-07-31,-8.158843994140625
2018-08-01,-8.133102416992188
2018-08-02,-7.764518737792969
2018-08-03,-7.378715515136719
2018-08-04,-7.15704345703125
2018-08-05,-6.5558319091796875
2018-08-06,-5.96234130859375
2018-08-07,-5.5048065185546875
2018-08-08,-5.273704528808594
2018-08-09,-4.7648773193359375
2018-08-10,-4.445770263671875
2018-08-11,-4.2010955810546875
2018-08-12,-3.76519775390625
2018-08-13,-3.3521881103515625
2018-08-14,-2.778411865234375
2018-08-15,-2.1902008056640625
2018-08-16,-1.39080810546875
2018-08-17,-0.9347076416015625
2018-08-18,-0.7776260375976562
2018-08-19,-0.5598907470703125
2018-08-20,-0.3396453857421875
2018-08-21,-0.2219696044921875
2018-08-22,0.3495330810546875
2018-08-23,0.7173309326171875
2018-08-24,1.0622100830078125
2018-08-25,1.3263397216796875
2018-08-26,1.49444580078125
2018-08-27,2.1237945556640625
2018-08-28,2.6835556030273438
2018-08-29,2.7005462646484375
2018-08-30,2.9109649658203125
2018-08-31,3.5937347412109375
2018-09-01,3.5577621459960938
2018-09-02,3.8820571899414062
2018-09-03,4.321205139160156
2018-09-04,4.371673583984375
2018-09-05,4.61419677734375
2018-09-06,5.6729736328125
2018-09-07,5.9865570068359375
2018-09-08,5.5898895263671875
2018-09-09,4.865379333496094
2018-09-10,4.490234375
2018-09-11,4.5743560791015625
2018-09-12,4.771369934082031
2018-09-13,5.2940521240234375
2018-09-14,5.818412780761719
2018-09-15,6.570381164550781
2018-09-16,7.5133209228515625
2018-09-17,7.819427490234375
2018-09-18,7.8731689453125
2018-09-19,8.430641174316406
2018-09-20,8.661590576171875
2018-09-21,9.751800537109375
2018-09-22,11.202484130859375
2018-09-23,11.166404724121094
2018-09-24,10.982452392578125
2018-09-25,11.436759948730469
2018-09-26,11.926925659179688
2018-09-27,12.552322387695312
2018-09-28,12.065780639648438
2018-09-29,12.572586059570312
2018-09-30,12.109748840332031
2018-10-01,11.061103820800781
2018-10-02,11.08160400390625
2018-10-03,10.910079956054688
2018-10-04,11.009765625
2018-10-05,11.822799682617188
2018-10-06,12.544281005859375
2018-10-07,13.634056091308594
2018-10-08,15.027412414550781
2018-10-09,15.557273864746094
2018-10-10,16.598541259765625
2018-10-11,16.117721557617188
2018-10-12,15.799880981445312
2018-10-13,17.112396240234375
2018-10-14,19.506423950195312
2018-10-15,21.14948272705078
2018-10-16,22.741546630859375
2018-10-17,23.645553588867188
2018-10-18,24.084243774414062
2018-10-19,24.115394592285156
2018-10-20,24.457130432128906
2018-10-21,24.560028076171875
2018-10-22,26.066673278808594
2018-10-23,26.214561462402344
2018-10-24,27.571273803710938
2018-10-25,28.833602905273438
2018-10-26,30.514328002929688
2018-10-27,32.544586181640625
2018-10-28,34.94420623779297
2018-10-29,33.291587829589844
2018-10-30,32.213714599609375
2018-10-31,31.91839599609375
2018-11-01,31.009994506835938
2018-11-02,30.957115173339844
2018-11-03,30.532745361328125
2018-11-04,28.824798583984375
2018-11-05,25.860214233398438
2018-11-06,22.430938720703125
2018-11-07,20.798683166503906
2018-11-08,23.063682556152344
2018-11-09,25.636978149414062
2018-11-10,28.644927978515625
2018-11-11,33.064125061035156
2018-11-12,33.53199768066406
2018-11-13,35.156410217285156
2018-11-14,37.33727264404297
2018-11-15,36.75749206542969
2018-11-16,35.915809631347656
2018-11-17,36.92145538330078
2018-11-18,35.457298278808594
2018-11-19,30.842422485351562
2018-11-20,27.958831787109375
2018-11-21,27.89698028564453
2018-11-22,27.302459716796875
2018-11-23,28.872970581054688
2018-11-24,30.774139404296875
2018-11-25,30.436752319335938
2018-11-26,31.14984893798828
2018-11-27,31.858245849609375
2018-11-28,24.138809204101562
2018-11-29,24.611793518066406
2018-11-30,24.833900451660156
2018-12-01,25.213844299316406
2018-12-02,26.02057647705078
2018-12-03,29.43561553955078
2018-12-04,31.764923095703125
2018-12-05,27.62640380859375
2018-12-06,25.76087188720703
2018-12-07,26.212806701660156
2018-12-08,27.252120971679688
2018-12-09,26.6807861328125
2018-12-10,26.58446502685547
2018-12-11,26.526351928710938
2018-12-12,24.51885986328125
2018-12-13,27.85565948486328
2018-12-14,28.19152069091797
2018-12-15,24.23944091796875
2018-12-16,15.798728942871094
2018-12-17,14.195480346679688
2018-12-18,12.614311218261719
2018-12-19,12.286109924316406
2018-12-20,13.606155395507812
2018-12-21,15.79705810546875
2018-12-22,18.17292022705078
2018-12-23,20.256729125976562
2018-12-24,15.502632141113281
2018-12-25,13.832832336425781
2018-12-26,12.016471862792969
2018-12-27,7.593101501464844
2018-12-28,-3.4043426513671875
2018-12-29,-7.881927490234375
2018-12-30,-9.385658264160156
2018-12-31,-8.753593444824219
2019-01-01,-11.151046752929688
2019-01-02,-12.349502563476562
2019-01-03,-13.350761413574219
2019-01-04,-13.485786437988281
2019-01-05,-13.432044982910156
2019-01-06,-12.651260375976562
2019-01-07,-11.826217651367188
2019-01-08,-11.683944702148438
2019-01-09,-11.844757080078125
2019-01-10,-11.400489807128906
2019-01-11,-10.278465270996094
2019-01-12,-8.062431335449219
2019-01-13,-6.234580993652344
2019-01-14,-6.024482727050781
2019-01-15,-5.2341461181640625
2019-01-16,-3.6066741943359375
2019-01-17,-2.3537139892578125
2019-01-18,-2.431304931640625
2019-01-19,-2.8224563598632812
2019-01-20,-2.3583297729492188
2019-01-21,-0.109100341796875
2019-01-22,1.2020034790039062
2019-01-23,1.9535293579101562
2019-01-24,3.5356826782226562
2019-01-25,4.900184631347656
2019-01-26,4.4785308837890625
2019-01-27,5.4447784423828125
2019-01-28,8.224441528320312
2019-01-29,11.83349609375
2019-01-30,15.02410888671875
2019-01-31,16.55113983154297
2019-02-01,17.319015502929688
2019-02-02,17.519927978515625
2019-02-03,18.584144592285156
2019-02-04,18.855140686035156
2019-02-05,17.332298278808594
2019-02-06,17.7718505859375
2019-02-07,18.22705841064453
2019-02-08,19.404258728027344
2019-02-09,21.290443420410156
2019-02-10,23.53522491455078
2019-02-11,24.128936767578125
2019-02-12,25.251991271972656
2019-02-13,25.394561767578125
2019-02-14,24.124481201171875
2019-02-15,22.682777404785156
2019-02-16,23.302642822265625
2019-02-17,24.259071350097656
2019-02-18,26.606307983398438
2019-02-19,30.87499237060547
2019-02-20,34.88209533691406
2019-02-21,36.10786437988281
2019-02-22,34.914527893066406
2019-02-23,35.15373229980469
2019-02-24,31.926528930664062
2019-02-25,26.265670776367188
2019-02-26,24.037094116210938
2019-02-27,24.151580810546875
2019-02-28,28.03973388671875
2019-03-01,34.64509582519531
2019-03-02,36.24052429199219
2019-03-03,40.69895935058594
2019-03-04,43.55012512207031
2019-03-05,45.309288024902344
2019-03-06,46.504661560058594
2019-03-07,46.833778381347656
2019-03-08,48.141319274902344
2019-03-09,47.69091796875
2019-03-10,47.59251403808594
2019-03-11,47.77003479003906
2019-03-12,49.39708709716797
2019-03-13,50.76556396484375
2019-03-14,50.533241271972656
2019-03-15,49.80702209472656
2019-03-16,49.36389923095703
2019-03-17,47.96394348144531
2019-03-18,46.063880920410156
2019-03-19,39.76061248779297
2019-03-20,35.994293212890625
2019-03-21,32.453521728515625
2019-03-22,30.513572692871094
2019-03-23,29.23279571533203
2019-03-24,27.605247497558594
2019-03-25,23.74786376953125
2019-03-26,22.145156860351562
2019-03-27,19.527236938476562
2019-03-28,19.465538024902344
2019-03-29,23.167808532714844
2019-03-30,23.707801818847656
2019-03-31,22.63561248779297
2019-04-01,23.863494873046875
2019-04-02,23.05823516845703
2019-04-03,23.887855529785156
2019-04-04,23.55591583251953
2019-04-05,22.953460693359375
2019-04-06,22.964431762695312
2019-04-07,26.53546905517578
2019-04-08,28.36121368408203
2019-04-09,27.2391357421875
2019-04-10,25.13092041015625
2019-04-11,23.29071044921875
2019-04-12,19.612693786621094
2019-04-13,17.68292999267578
2019-04-14,14.895500183105469
2019-04-15,10.667015075683594
2019-04-16,8.36993408203125
2019-04-17,6.159507751464844
2019-04-18,2.5107192993164062
2019-04-19,0.9444732666015625
2019-04-20,0.05133819580078125
2019-04-21,-0.44766998291015625
2019-04-22,-0.7661285400390625
2019-04-23,-1.125640869140625
2019-04-24,-1.5639495849609375
2019-04-25,-2.8722991943359375
2019-04-26,-7.926704406738281
2019-04-27,-9.254165649414062
2019-04-28,-9.992408752441406
2019-04-29,-13.059364318847656
2019-04-30,-16.237228393554688
2019-05-01,-18.457130432128906
2019-05-02,-19.82574462890625
2019-05-03,-20.03076171875
2019-05-04,-18.84917449951172
2019-05-05,-17.472312927246094
2019-05-06,-16.248367309570312
2019-05-07,-16.35808563232422
2019-05-08,-16.78729248046875
2019-05-09,-17.477439880371094
2019-05-10,-16.966262817382812
2019-05-11,-16.617637634277344
2019-05-12,-16.349624633789062
2019-05-13,-14.67059326171875
2019-05-14,-13.764434814453125
2019-05-15,-13.484100341796875
2019-05-16,-13.2659912109375
2019-05-17,-12.913856506347656
2019-05-18,-12.767982482910156
2019-05-19,-12.88006591796875
2019-05-20,-13.064674377441406
2019-05-21,-12.854217529296875
2019-05-22,-12.515045166015625
2019-05-23,-12.177391052246094
2019-05-24,-12.090652465820312
2019-05-25,-12.336639404296875
2019-05-26,-12.8272705078125
2019-05-27,-13.107772827148438
2019-05-28,-13.472137451171875
2019-05-29,-13.976844787597656
2019-05-30,-13.984107971191406
2019-05-31,-14.199539184570312
2019-06-01,-14.050765991210938
2019-06-02,-13.889640808105469
2019-06-03,-13.901321411132812
2019-06-04,-13.953910827636719
2019-06-05,-14.192337036132812
2019-06-06,-14.320831298828125
2019-06-07,-14.241348266601562
2019-06-08,-13.825309753417969
2019-06-09,-13.47686767578125
2019-06-10,-13.420570373535156
2019-06-11,-13.591262817382812
2019-06-12,-14.310379028320312
2019-06-13,-14.556625366210938
2019-06-14,-14.48187255859375
2019-06-15,-14.089813232421875
2019-06-16,-13.960700988769531
2019-06-17,-13.8641357421875
2019-06-18,-13.5181884765625
2019-06-19,-13.449737548828125
2019-06-20,-13.738677978515625
2019-06-21,-13.59027099609375
2019-06-22,-13.521408081054688
2019-06-23,-13.370559692382812
2019-06-24,-13.241249084472656
2019-06-25,-13.143486022949219
2019-06-26,-13.001449584960938
2019-06-27,-13.45587158203125
2019-06-28,-13.377487182617188
2019-06-29,-13.219406127929688
2019-06-30,-13.114273071289062
2019-07-01,-13.045524597167969
2019-07-02,-13.0086669921875
2019-07-03,-13.176483154296875
2019-07-04,-13.223434448242188
2019-07-05,-13.080154418945312
2019-07-06,-13.270950317382812
2019-07-07,-13.090629577636719
2019-07-08,-13.110786437988281
2019-07-09,-13.184722900390625
2019-07-10,-12.842330932617188
2019-07-11,-12.5556640625
2019-07-12,-12.231460571289062
2019-07-13,-11.912399291992188
2019-07-14,-11.6871337890625
2019-07-15,-11.262374877929688
2019-07-16,-11.417373657226562
2019-07-17,-11.157760620117188
2019-07-18,-11.196212768554688
2019-07-19,-10.918357849121094
2019-07-20,-10.768363952636719
2019-07-21,-10.668838500976562
2019-07-22,-10.866180419921875
2019-07-23,-10.931488037109375
2019-07-24,-10.568275451660156
2019-07-25,-10.509979248046875
2019-07-26,-10.417640686035156
2019-07-27,-10.401702880859375
2019-07-28,-10.32745361328125
2019-07-29,-10.211357116699219
2019-07-30,-9.878791809082031
2019-07-31,-9.478981018066406
2019-08-01,-8.80987548828125
2019-08-02,-8.579734802246094
2019-08-03,-8.277145385742188
2019-08-04,-7.707916259765625
2019-08-05,-7.439186096191406
2019-08-06,-7.194183349609375
2019-08-07,-7.219879150390625
2019-08-08,-7.0944976806640625
2019-08-09,-6.9982147216796875
2019-08-10,-6.789741516113281
2019-08-11,-6.597137451171875
2019-08-12,-6.4189605712890625
2019-08-13,-6.0744476318359375
2019-08-14,-5.477020263671875
2019-08-15,-5.256683349609375
2019-08-16,-5.2533111572265625
2019-08-17,-5.103157043457031
2019-08-18,-5.3450469970703125
2019-08-19,-5.253486633300781
2019-08-20,-4.826286315917969
2019-08-21,-4.410575866699219
2019-08-22,-3.44207763671875
2019-08-23,-2.63189697265625
2019-08-24,-1.752105712890625
2019-08-25,-1.2002182006835938
2019-08-26,-1.2559967041015625
2019-08-27,-1.3119430541992188
2019-08-28,-0.836334228515625
2019-08-29,-0.9936981201171875
2019-08-30,-0.5911636352539062
2019-08-31,-0.226531982421875
2019-09-01,0.210906982421875
2019-09-02,0.8101730346679688
2019-09-03,1.55615234375
2019-09-04,2.1388702392578125
2019-09-05,2.6976470947265625
2019-09-06,2.64892578125
2019-09-07,2.8951416015625
2019-09-08,3.1159820556640625
2019-09-09,3.46405029296875
2019-09-10,4.460601806640625
2019-09-11,4.9488983154296875
2019-09-12,5.143745422363281
2019-09-13,5.282524108886719
2019-09-14,5.263282775878906
2019-09-15,5.8475189208984375
2019-09-16,6.237602233886719
2019-09-17,6.272666931152344
2019-09-18,7.404975891113281
2019-09-19,8.711845397949219
2019-09-20,9.974349975585938
2019-09-21,10.694137573242188
2019-09-22,11.140167236328125
2019-09-23,12.090957641601562
2019-09-24,11.89361572265625
2019-09-25,12.124862670898438
2019-09-26,12.558151245117188
2019-09-27,12.855171203613281
2019-09-28,13.80645751953125
2019-09-29,14.594657897949219
2019-09-30,14.971641540527344
2019-10-01,14.841110229492188
2019-10-02,14.572830200195312
2019-10-03,14.998039245605469
2019-10-04,15.747413635253906
2019-10-05,15.503738403320312
2019-10-06,15.838111877441406
2019-10-07,16.592819213867188
2019-10-08,17.390960693359375
2019-10-09,17.319992065429688
2019-10-10,18.259567260742188
2019-10-11,19.193809509277344
2019-10-12,20.376846313476562
2019-10-13,21.12517547607422
2019-10-14,21.88550567626953
2019-10-15,23.305931091308594
2019-10-16,24.96367645263672
2019-10-17,25.836639404296875
2019-10-18,26.13384246826172
2019-10-19,26.3321533203125
2019-10-20,26.456459045410156
2019-10-21,24.935821533203125
2019-10-22,25.384628295898438
2019-10-23,26.677345275878906
2019-10-24,26.214035034179688
2019-10-25,24.174034118652344
2019-10-26,22.814498901367188
2019-10-27,21.323837280273438
2019-10-28,21.845916748046875
2019-10-29,23.992156982421875
2019-10-30,28.1439208984375
2019-10-31,31.23011016845703
2019-11-01,32.83812713623047
2019-11-02,31.469375610351562
2019-11-03,32.484413146972656
2019-11-04,32.772911071777344
2019-11-05,31.699539184570312
2019-11-06,30.531814575195312
2019-11-07,31.270286560058594
2019-11-08,33.35852813720703
2019-11-09,34.55237579345703
2019-11-10,37.321937561035156
2019-11-11,38.68510437011719
2019-11-12,39.14173889160156
2019-11-13,38.10011291503906
2019-11-14,34.663970947265625
2019-11-15,32.644378662109375
2019-11-16,29.60344696044922
2019-11-17,29.127548217773438
2019-11-18,26.242279052734375
2019-11-19,24.4254150390625
2019-11-20,25.35889434814453
2019-11-21,28.1856689453125
2019-11-22,30.995948791503906
2019-11-23,28.561614990234375
2019-11-24,20.823348999023438
2019-11-25,18.8648681640625
2019-11-26,17.53064727783203
2019-11-27,14.954238891601562
2019-11-28,13.132186889648438
2019-11-29,14.385955810546875
2019-11-30,13.405899047851562
2019-12-01,14.714088439941406
2019-12-02,16.11695098876953
2019-12-03,16.969223022460938
2019-12-04,16.844467163085938
2019-12-05,18.012542724609375
2019-12-06,17.01482391357422
2019-12-07,17.208663940429688
2019-12-08,20.993606567382812
2019-12-09,22.218536376953125
2019-12-10,27.080368041992188
2019-12-11,32.42615509033203
2019-12-12,34.55432891845703
2019-12-13,36.69648742675781
2019-12-14,42.24647521972656
2019-12-15,46.023109436035156
2019-12-16,48.322975158691406
2019-12-17,49.991058349609375
2019-12-18,51.08622741699219
2019-12-19,46.2078857421875
2019-12-20,41.82676696777344
2019-12-21,41.62067413330078
2019-12-22,42.18553924560547
2019-12-23,43.78816223144531
2019-12-24,42.46681213378906
2019-12-25,41.602088928222656
2019-12-26,39.19463348388672
2019-12-27,38.69017028808594
2019-12-28,36.2003173828125
2019-12-29,32.05717468261719
2019-12-30,33.50713348388672
2019-12-31,38.088294982910156
2020-01-01,40.84601593017578
2020-01-02,44.04711151123047
2020-01-03,51.50054931640625
2020-01-04,49.91676330566406
2020-01-05,47.54972839355469
2020-01-06,50.06956481933594
2020-01-07,60.369598388671875
2020-01-08,58.42259979248047
2020-01-09,56.36353302001953
2020-01-10,47.69026184082031
2020-01-11,48.537452697753906
2020-01-12,51.55433654785156
2020-01-13,59.63825225830078
2020-01-14,70.57353210449219
2020-01-15,76.90141296386719
2020-01-16,69.03085327148438
2020-01-17,56.11589813232422
2020-01-18,49.90302276611328
2020-01-19,45.711944580078125
2020-01-20,43.7225341796875
2020-01-21,43.78679656982422
2020-01-22,39.396949768066406
2020-01-23,32.615875244140625
2020-01-24,31.50756072998047
2020-01-25,28.041099548339844
2020-01-26,27.499908447265625
2020-01-27,32.44196319580078
2020-01-28,36.23822784423828
2020-01-29,40.53721618652344
2020-01-30,48.12507629394531
2020-01-31,44.30804443359375
2020-02-01,42.698699951171875
2020-02-02,39.57001495361328
2020-02-03,37.00306701660156
2020-02-04,29.80145263671875
2020-02-05,20.76793670654297
2020-02-06,15.474014282226562
2020-02-07,25.243446350097656
2020-02-08,27.944076538085938
2020-02-09,32.46038055419922
2020-02-10,39.67066192626953
2020-02-11,46.85127258300781
2020-02-12,56.98754119873047
2020-02-13,54.91389465332031
2020-02-14,56.59861755371094
2020-02-15,61.591827392578125
2020-02-16,65.4294662475586
2020-02-17,66.3858642578125
2020-02-18,63.858917236328125
2020-02-19,63.8638916015625
2020-02-20,61.200721740722656
2020-02-21,59.72882080078125
2020-02-22,50.44512939453125
2020-02-23,50.68180847167969
2020-02-24,53.89710998535156
2020-02-25,53.20124816894531
2020-02-26,54.77668762207031
2020-02-27,51.57275390625
2020-02-28,49.142730712890625
2020-02-29,51.640106201171875
2020-03-01,53.504058837890625
2020-03-02,48.93110656738281
2020-03-03,46.266990661621094
2020-03-04,48.72484588623047
2020-03-05,55.27552032470703
2020-03-06,55.159637451171875
2020-03-07,54.9888916015625
2020-03-08,53.157814025878906
2020-03-09,50.66084289550781
2020-03-10,48.275634765625
2020-03-11,48.183876037597656
2020-03-12,47.059295654296875
2020-03-13,42.79541015625
2020-03-14,37.97074890136719
2020-03-15,36.020904541015625
2020-03-16,32.24040222167969
2020-03-17,27.247154235839844
2020-03-18,20.494407653808594
2020-03-19,16.435150146484375
2020-03-20,14.864006042480469
2020-03-21,13.4412841796875
2020-03-22,16.4404296875
2020-03-23,15.2105712890625
2020-03-24,17.51239013671875
2020-03-25,17.42889404296875
2020-03-26,20.136383056640625
2020-03-27,26.992416381835938
2020-03-28,30.826675415039062
2020-03-29,33.81120300292969
2020-03-30,29.731727600097656
2020-03-31,28.64392852783203
2020-04-01,22.49095916748047
2020-04-02,18.682891845703125
2020-04-03,15.741241455078125
2020-04-04,13.629623413085938
2020-04-05,16.25450897216797
2020-04-06,15.531448364257812
2020-04-07,14.519546508789062
2020-04-08,13.941131591796875
2020-04-09,14.678520202636719
2020-04-10,14.738487243652344
2020-04-11,15.834892272949219
2020-04-12,16.0687255859375
2020-04-13,14.694976806640625
2020-04-14,12.502731323242188
2020-04-15,13.426399230957031
2020-04-16,17.310813903808594
2020-04-17,11.608673095703125
2020-04-18,7.583427429199219
2020-04-19,5.416984558105469
2020-04-20,3.03179931640625
2020-04-21,1.9072647094726562
2020-04-22,-0.3437652587890625
2020-04-23,-1.9009552001953125
2020-04-24,-0.6500701904296875
2020-04-25,0.4116058349609375
2020-04-26,0.31372833251953125
2020-04-27,0.555206298828125
2020-04-28,-0.35174560546875
2020-04-29,-2.441436767578125
2020-04-30,-4.426300048828125
2020-05-01,-6.414794921875
2020-05-02,-8.45263671875
2020-05-03,-7.9540863037109375
2020-05-04,-8.186248779296875
2020-05-05,-9.525871276855469
2020-05-06,-8.532600402832031
2020-05-07,-8.219032287597656
2020-05-08,-7.7125701904296875
2020-05-09,-7.837532043457031
2020-05-10,-8.543289184570312
2020-05-11,-9.224769592285156
2020-05-12,-10.112159729003906
2020-05-13,-10.974388122558594
2020-05-14,-12.572486877441406
2020-05-15,-14.18585205078125
2020-05-16,-14.531089782714844
2020-05-17,-14.54486083984375
2020-05-18,-14.517868041992188
2020-05-19,-14.633895874023438
2020-05-20,-14.556121826171875
2020-05-21,-14.604766845703125
2020-05-22,-14.75738525390625
2020-05-23,-14.660133361816406
2020-05-24,-14.397354125976562
2020-05-25,-14.184791564941406
2020-05-26,-13.930938720703125
2020-05-27,-14.227485656738281
2020-05-28,-14.691871643066406
2020-05-29,-15.114006042480469
2020-05-30,-15.110191345214844
2020-05-31,-15.002250671386719
2020-06-01,-14.714691162109375
2020-06-02,-14.325042724609375
2020-06-03,-14.31646728515625
2020-06-04,-14.112167358398438
2020-06-05,-13.958251953125
2020-06-06,-13.981147766113281
2020-06-07,-13.74700927734375
2020-06-08,-13.870094299316406
2020-06-09,-14.32025146484375
2020-06-10,-14.723281860351562
2020-06-11,-14.57647705078125
2020-06-12,-14.277801513671875
2020-06-13,-13.959396362304688
2020-06-14,-13.59844970703125
2020-06-15,-13.720512390136719
2020-06-16,-13.965362548828125
2020-06-17,-13.923545837402344
2020-06-18,-13.841812133789062
2020-06-19,-13.696334838867188
2020-06-20,-13.820266723632812
2020-06-21,-13.605331420898438
2020-06-22,-13.433006286621094
2020-06-23,-13.154441833496094
2020-06-24,-12.863510131835938
2020-06-25,-12.579277038574219
2020-06-26,-12.52593994140625
2020-06-27,-12.76617431640625
2020-06-28,-12.999305725097656
2020-06-29,-12.770721435546875
2020-06-30,-12.698165893554688
2020-07-01,-12.922821044921875
2020-07-02,-13.09326171875
2020-07-03,-13.073966979980469
2020-07-04,-13.26507568359375
2020-07-05,-13.193092346191406
2020-07-06,-12.953681945800781
2020-07-07,-12.826530456542969
2020-07-08,-12.718437194824219
2020-07-09,-12.752182006835938
2020-07-10,-12.659278869628906
2020-07-11,-12.4505615234375
2020-07-12,-12.089859008789062
2020-07-13,-11.905792236328125
2020-07-14,-11.693840026855469
2020-07-15,-11.576522827148438
2020-07-16,-11.456871032714844
2020-07-17,-11.237411499023438
2020-07-18,-11.108512878417969
2020-07-19,-11.175308227539062
2020-07-20,-11.116790771484375
2020-07-21,-10.950698852539062
2020-07-22,-10.888717651367188
2020-07-23,-10.696746826171875
2020-07-24,-10.148170471191406
2020-07-25,-9.667533874511719
2020-07-26,-9.4725341796875
2020-07-27,-9.191680908203125
2020-07-28,-8.79888916015625
2020-07-29,-8.347427368164062
2020-07-30,-7.935081481933594
2020-07-31,-7.8254852294921875
2020-08-01,-7.6487274169921875
2020-08-02,-7.2926177978515625
2020-08-03,-6.973503112792969
2020-08-04,-6.551300048828125
2020-08-05,-6.207954406738281
2020-08-06,-5.8924407958984375
2020-08-07,-5.7792816162109375
2020-08-08,-5.5621795654296875
2020-08-09,-5.4257354736328125
2020-08-10,-5.115928649902344
2020-08-11,-4.9267425537109375
2020-08-12,-4.302268981933594
2020-08-13,-3.9515228271484375
2020-08-14,-3.766998291015625
2020-08-15,-3.8692169189453125
2020-08-16,-3.4152603149414062
2020-08-17,-3.319671630859375
2020-08-18,-2.9875030517578125
2020-08-19,-2.5078964233398438
2020-08-20,-1.8579864501953125
2020-08-21,-1.3564605712890625
2020-08-22,-0.681182861328125
2020-08-23,-0.45183563232421875
2020-08-24,0.43145751953125
2020-08-25,1.2589874267578125
2020-08-26,1.60894775390625
2020-08-27,1.6611404418945312
2020-08-28,2.0642852783203125
2020-08-29,2.7620697021484375
2020-08-30,3.5181655883789062
2020-08-31,4.126960754394531
2020-09-01,4.6473541259765625
2020-09-02,4.832756042480469
2020-09-03,4.9080352783203125
2020-09-04,4.44476318359375
2020-09-05,4.522071838378906
2020-09-06,5.147346496582031
2020-09-07,5.570549011230469
2020-09-08,5.93658447265625
2020-09-09,6.4947357177734375
2020-09-10,7.080192565917969
2020-09-11,7.988922119140625
2020-09-12,9.418182373046875
2020-09-13,9.301803588867188
2020-09-14,9.080291748046875
2020-09-15,8.502212524414062
2020-09-16,9.47442626953125
2020-09-17,10.663589477539062
2020-09-18,10.990570068359375
2020-09-19,11.161354064941406
2020-09-20,11.731613159179688
2020-09-21,12.271408081054688
2020-09-22,12.073387145996094
2020-09-23,11.442970275878906
2020-09-24,11.212806701660156
2020-09-25,11.296470642089844
2020-09-26,11.9354248046875
2020-09-27,11.336334228515625
2020-09-28,11.327674865722656
2020-09-29,12.346160888671875
2020-09-30,12.108078002929688
2020-10-01,10.969291687011719
2020-10-02,11.104423522949219
2020-10-03,11.602584838867188
2020-10-04,13.16046142578125
2020-10-05,14.797592163085938
2020-10-06,15.701126098632812
2020-10-07,15.274971008300781
2020-10-08,14.052879333496094
2020-10-09,14.016868591308594
2020-10-10,14.598403930664062
2020-10-11,15.452667236328125
2020-10-12,16.331886291503906
2020-10-13,17.060096740722656
2020-10-14,17.79888916015625
2020-10-15,16.202598571777344
2020-10-16,15.306289672851562
2020-10-17,16.752159118652344
2020-10-18,15.956886291503906
2020-10-19,16.043060302734375
2020-10-20,17.76081085205078
2020-10-21,19.887168884277344
2020-10-22,21.48401641845703
2020-10-23,21.826202392578125
2020-10-24,20.99242401123047
2020-10-25,21.782440185546875
2020-10-26,22.855331420898438
2020-10-27,23.027854919433594
2020-10-28,25.123001098632812
2020-10-29,29.562576293945312
2020-10-30,33.637176513671875
2020-10-31,36.14942932128906
2020-11-01,34.24126434326172
2020-11-02,33.270530700683594
2020-11-03,34.26573944091797
2020-11-04,34.405120849609375
2020-11-05,33.5208740234375
2020-11-06,32.48656463623047
2020-11-07,31.9144287109375
2020-11-08,29.545921325683594
2020-11-09,29.03241729736328
2020-11-10,30.3045654296875
2020-11-11,32.47955322265625
2020-11-12,35.36310577392578
2020-11-13,37.792213439941406
2020-11-14,38.556640625
2020-11-15,38.75804138183594
2020-11-16,38.70716094970703
2020-11-17,35.72337341308594
2020-11-18,32.05970764160156
2020-11-19,31.397491455078125
2020-11-20,34.089927673339844
2020-11-21,35.737037658691406
2020-11-22,35.74662780761719
2020-11-23,34.238983154296875
2020-11-24,34.601463317871094
2020-11-25,34.562530517578125
2020-11-26,35.34740447998047
2020-11-27,34.631805419921875
2020-11-28,32.404205322265625
2020-11-29,32.68114471435547
2020-11-30,35.11860656738281
2020-12-01,37.845306396484375
2020-12-02,37.99656677246094
2020-12-03,34.98827362060547
2020-12-04,34.41654968261719
2020-12-05,38.3193359375
2020-12-06,45.150352478027344
2020-12-07,49.297447204589844
2020-12-08,43.05216979980469
2020-12-09,39.367103576660156
2020-12-10,37.358642578125
2020-12-11,37.581756591796875
2020-12-12,35.676025390625
2020-12-13,33.96626281738281
2020-12-14,31.676849365234375
2020-12-15,29.711891174316406
2020-12-16,28.331527709960938
2020-12-17,28.778839111328125
2020-12-18,28.61920928955078
2020-12-19,30.006591796875
2020-12-20,31.171104431152344
2020-12-21,33.89386749267578
2020-12-22,37.93846130371094
2020-12-23,36.46357727050781
2020-12-24,37.08477020263672
2020-12-25,35.63390350341797
2020-12-26,26.435287475585938
2020-12-27,23.971923828125
2020-12-28,23.117401123046875
2020-12-29,22.934959411621094
2020-12-30,22.787010192871094
2020-12-31,22.78894805908203
